model,method,image,deletion_auc,insertion_auc
resnet18,gradcam++,7001-2.jpg,0.23100237548351288,0.827955961227417
resnet18,gradcam++,7001-26.jpg,0.11758164316415787,0.8023803234100342
resnet18,gradcam++,7002-33.jpg,0.2066098302602768,0.8808268308639526
resnet18,gradcam++,7002-48.jpg,0.308421790599823,0.9281983971595764
resnet18,gradcam++,7004-143.jpg,0.34085792303085327,0.9238726496696472
resnet18,gradcam++,7004-197.jpg,0.2113465964794159,0.8234310746192932
resnet18,gradcam++,7004-92.jpg,0.11201175302267075,0.8346450924873352
resnet18,gradcam++,7005-119.jpg,0.1707506626844406,0.870337188243866
resnet18,gradcam++,7005-78.jpg,0.3222391903400421,0.9027620553970337
resnet18,gradcam++,7006-134.jpg,0.2987719774246216,0.9582756161689758
resnet18,gradcam++,7006-154.jpg,0.27121448516845703,0.8672792315483093
resnet18,gradcam++,7006-73.jpg,0.2642863094806671,0.9302775263786316
resnet18,gradcam++,7006-77.jpg,0.38025960326194763,0.9645064473152161
resnet18,gradcam++,7006-96.jpg,0.26957589387893677,0.8857548832893372
resnet18,gradcam++,7007-186.jpg,0.17337632179260254,0.8925893902778625
resnet18,gradcam++,7008-56.jpg,0.32147806882858276,0.9543827176094055
resnet18,gradcam++,7009-114.jpg,0.5278996825218201,0.928217887878418
resnet18,gradcam++,7009-2.jpg,0.12612195312976837,0.46006256341934204
resnet18,gradcam++,7009-202.jpg,0.21653662621974945,0.9152379631996155
resnet18,gradcam++,7009-47.jpg,0.3059139847755432,0.9356616139411926
resnet18,gradcam++,7009-75.jpg,0.2573746144771576,0.884495735168457
resnet18,gradcam++,7009-95.jpg,0.11286304891109467,0.9647014737129211
resnet18,gradcam++,7010-227.jpg,0.2914505898952484,0.804947018623352
resnet18,gradcam++,7010-62.jpg,0.293317049741745,0.8913148045539856
resnet18,gradcam++,7010-82.jpg,0.12212786078453064,0.8445296287536621
resnet18,gradcam++,7010-96.jpg,0.3930484354496002,0.877623975276947
resnet18,gradcam++,7010-97.jpg,0.15771298110485077,0.7231895923614502
resnet18,gradcam++,7011-134.jpg,0.17061986029148102,0.8697308301925659
resnet18,gradcam++,7011-142.jpg,0.05758511647582054,0.758281946182251
resnet18,gradcam++,7011-143.jpg,0.17849165201187134,0.8138142228126526
resnet18,gradcam++,7011-171.jpg,0.05860785394906998,0.8870202898979187
resnet18,gradcam++,7011-18.jpg,0.13710932433605194,0.9186809062957764
resnet18,gradcam++,7011-192.jpg,0.4324001967906952,0.855864942073822
resnet18,gradcam++,7011-204.jpg,0.3505775034427643,0.9448947310447693
resnet18,gradcam++,7011-25.jpg,0.18694792687892914,0.9002400040626526
resnet18,gradcam++,7012-103.jpg,0.08910487592220306,0.8220533728599548
resnet18,gradcam++,7012-119.jpg,0.2787478268146515,0.8881931900978088
resnet18,gradcam++,7012-128.jpg,0.04711414501070976,0.8330718278884888
resnet18,gradcam++,7012-13.jpg,0.17661888897418976,0.8919973373413086
resnet18,gradcam++,7012-49.jpg,0.28815189003944397,0.8591326475143433
resnet18,gradcam++,7012-67.jpg,0.2267322838306427,0.8706566691398621
resnet18,gradcam++,7013-150.jpg,0.2986704111099243,0.8849014043807983
resnet18,gradcam++,7013-184.jpg,0.28922200202941895,0.9298022985458374
resnet18,gradcam++,7013-81.jpg,0.17023320496082306,0.8383009433746338
resnet18,gradcam++,7013-99.jpg,0.21567586064338684,0.8939799666404724
resnet18,gradcam++,7014-222.jpg,0.2209455966949463,0.8659381866455078
resnet18,gradcam++,7016-136.jpg,0.27469268441200256,0.8840911984443665
resnet18,gradcam++,7016-204.jpg,0.19436292350292206,0.48468145728111267
resnet18,gradcam++,7016-65.jpg,0.39644813537597656,0.9341670870780945
resnet18,gradcam++,7017-130.jpg,0.2758903503417969,0.6840777397155762
resnet18,gradcam++,7017-190.jpg,0.259403795003891,0.4446546733379364
resnet18,gradcam++,7017-4.jpg,0.3089078664779663,0.7051485776901245
resnet18,gradcam++,7017-61.jpg,0.33339646458625793,0.8025044798851013
resnet18,gradcam++,7017-8.jpg,0.05988521873950958,0.8720858097076416
resnet18,gradcam++,7018-177.jpg,0.18961001932621002,0.8057271838188171
resnet18,gradcam++,7018-26.jpg,0.30170682072639465,0.7876278758049011
resnet18,gradcam++,7018-65.jpg,0.05640584975481033,0.7794609069824219
resnet18,gradcam++,7019-191.jpg,0.20748721063137054,0.7477453947067261
resnet18,gradcam++,7019-2.jpg,0.13879480957984924,0.603786289691925
resnet18,gradcam++,7019-210.jpg,0.33066311478614807,0.7699671983718872
resnet18,gradcam++,7019-40.jpg,0.2334197461605072,0.8717041015625
resnet18,gradcam++,7019-73.jpg,0.20975978672504425,0.8116499781608582
resnet18,gradcam++,7020-141.jpg,0.21570420265197754,0.900830090045929
resnet18,gradcam++,7020-143.jpg,0.16541394591331482,0.766907811164856
resnet18,gradcam++,7020-147.jpg,0.24716465175151825,0.8449963331222534
resnet18,gradcam++,7020-162.jpg,0.30660319328308105,0.8114349842071533
resnet18,gradcam++,7020-170.jpg,0.10520410537719727,0.6326431035995483
resnet18,gradcam++,7020-26.jpg,0.30090951919555664,0.8729865550994873
resnet18,gradcam++,7021-11.jpg,0.16459976136684418,0.7862149477005005
resnet18,gradcam++,7021-133.jpg,0.45580387115478516,0.8220914602279663
resnet18,gradcam++,7021-149.jpg,0.19788530468940735,0.8815045952796936
resnet18,gradcam++,7021-150.jpg,0.1315089464187622,0.9063807725906372
resnet18,gradcam++,7021-151.jpg,0.2977416217327118,0.857466459274292
resnet18,gradcam++,7021-165.jpg,0.16022229194641113,0.6942621469497681
resnet18,gradcam++,7021-174.jpg,0.17093725502490997,0.6589218974113464
resnet18,gradcam++,7021-207.jpg,0.32923364639282227,0.8488040566444397
resnet18,gradcam++,7021-237.jpg,0.24983471632003784,0.7116186618804932
resnet18,gradcam++,7021-249.jpg,0.2833941876888275,0.8237138390541077
resnet18,gradcam++,7021-26.jpg,0.3309117555618286,0.880482017993927
resnet18,gradcam++,7021-29.jpg,0.39018863439559937,0.9108927249908447
resnet18,gradcam++,7021-81.jpg,0.03608044609427452,0.7897758483886719
resnet18,gradcam++,7022-111.jpg,0.22425374388694763,0.5050856471061707
resnet18,gradcam++,7022-147.jpg,0.3026251196861267,0.7163662314414978
resnet18,gradcam++,7022-39.jpg,0.29996058344841003,0.7921141386032104
resnet18,gradcam++,7022-41.jpg,0.47853606939315796,0.7193847298622131
resnet18,gradcam++,7023-37.jpg,0.22707431018352509,0.7993085384368896
resnet18,gradcam++,7024-112.jpg,0.3124532997608185,0.7949168682098389
resnet18,gradcam++,7024-12.jpg,0.10240571945905685,0.8576514720916748
resnet18,gradcam++,7024-129.jpg,0.4304129183292389,0.8601354360580444
resnet18,gradcam++,7024-29.jpg,0.08599642664194107,0.9375232458114624
resnet18,gradcam++,7024-64.jpg,0.30966126918792725,0.813030481338501
resnet18,gradcam++,7025-113.jpg,0.20232558250427246,0.8791606426239014
resnet18,gradcam++,7025-128.jpg,0.43293219804763794,0.9048559665679932
resnet18,gradcam++,7025-81.jpg,0.1774284392595291,0.8300080299377441
resnet18,gradcam++,7026-113.jpg,0.40950843691825867,0.727865993976593
resnet18,gradcam++,7026-170.jpg,0.08999242633581161,0.6693757772445679
resnet18,gradcam++,7026-221.jpg,0.30929163098335266,0.872207522392273
resnet18,gradcam++,7026-57.jpg,0.18985533714294434,0.6931405067443848
resnet18,gradcam++,7026-86.jpg,0.15223878622055054,0.6905142068862915
resnet18,gradcam++,7027-147.jpg,0.24421624839305878,0.5461871027946472
resnet18,eigencam,7001-2.jpg,0.2080148160457611,0.8458642363548279
resnet18,eigencam,7001-26.jpg,0.12801483273506165,0.7842623591423035
resnet18,eigencam,7002-33.jpg,0.225027397274971,0.8869751691818237
resnet18,eigencam,7002-48.jpg,0.3426923155784607,0.9348549842834473
resnet18,eigencam,7004-143.jpg,0.3260442316532135,0.923967182636261
resnet18,eigencam,7004-197.jpg,0.23092345893383026,0.8301337361335754
resnet18,eigencam,7004-92.jpg,0.13547158241271973,0.860299825668335
resnet18,eigencam,7005-119.jpg,0.17869722843170166,0.8522512912750244
resnet18,eigencam,7005-78.jpg,0.34885162115097046,0.9027501940727234
resnet18,eigencam,7006-134.jpg,0.30706140398979187,0.9584584832191467
resnet18,eigencam,7006-154.jpg,0.30125007033348083,0.8574473261833191
resnet18,eigencam,7006-73.jpg,0.3248820900917053,0.9373804330825806
resnet18,eigencam,7006-77.jpg,0.8944896459579468,0.36478620767593384
resnet18,eigencam,7006-96.jpg,0.2877318263053894,0.8836215734481812
resnet18,eigencam,7007-186.jpg,0.0711214616894722,0.893812358379364
resnet18,eigencam,7008-56.jpg,0.34033945202827454,0.9592380523681641
resnet18,eigencam,7009-114.jpg,0.8651351928710938,0.5515085458755493
resnet18,eigencam,7009-2.jpg,0.11391796916723251,0.3788965344429016
resnet18,eigencam,7009-202.jpg,0.15479899942874908,0.8979893922805786
resnet18,eigencam,7009-47.jpg,0.3280011713504791,0.9489232897758484
resnet18,eigencam,7009-75.jpg,0.2475680410861969,0.8495395183563232
resnet18,eigencam,7009-95.jpg,0.12833210825920105,0.9456745386123657
resnet18,eigencam,7010-227.jpg,0.30625417828559875,0.8112154006958008
resnet18,eigencam,7010-62.jpg,0.29035988450050354,0.8867390155792236
resnet18,eigencam,7010-82.jpg,0.12436040490865707,0.847319483757019
resnet18,eigencam,7010-96.jpg,0.37981441617012024,0.8576170802116394
resnet18,eigencam,7010-97.jpg,0.16182085871696472,0.7172908782958984
resnet18,eigencam,7011-134.jpg,0.14110979437828064,0.873550534248352
resnet18,eigencam,7011-142.jpg,0.05957159399986267,0.6748054623603821
resnet18,eigencam,7011-143.jpg,0.7921210527420044,0.20048508048057556
resnet18,eigencam,7011-171.jpg,0.04214939847588539,0.8821800947189331
resnet18,eigencam,7011-18.jpg,0.1374712437391281,0.9136373996734619
resnet18,eigencam,7011-192.jpg,0.5721490383148193,0.8533077836036682
resnet18,eigencam,7011-204.jpg,0.37045541405677795,0.9449701309204102
resnet18,eigencam,7011-25.jpg,0.19079150259494781,0.8921112418174744
resnet18,eigencam,7012-103.jpg,0.790273129940033,0.11173129081726074
resnet18,eigencam,7012-119.jpg,0.267382949590683,0.8779237866401672
resnet18,eigencam,7012-128.jpg,0.0938667431473732,0.7932815551757812
resnet18,eigencam,7012-13.jpg,0.18794141709804535,0.8743186593055725
resnet18,eigencam,7012-49.jpg,0.33228251338005066,0.8595802783966064
resnet18,eigencam,7012-67.jpg,0.23893505334854126,0.8659026622772217
resnet18,eigencam,7013-150.jpg,0.31204161047935486,0.8775616884231567
resnet18,eigencam,7013-184.jpg,0.3099753260612488,0.9394304752349854
resnet18,eigencam,7013-81.jpg,0.831662118434906,0.21315595507621765
resnet18,eigencam,7013-99.jpg,0.9023105502128601,0.20304131507873535
resnet18,eigencam,7014-222.jpg,0.2090209573507309,0.8544065952301025
resnet18,eigencam,7016-136.jpg,0.3240509331226349,0.8678962588310242
resnet18,eigencam,7016-204.jpg,0.16612188518047333,0.4487018585205078
resnet18,eigencam,7016-65.jpg,0.4876597225666046,0.9278953075408936
resnet18,eigencam,7017-130.jpg,0.26811009645462036,0.6823111176490784
resnet18,eigencam,7017-190.jpg,0.2775454819202423,0.47296202182769775
resnet18,eigencam,7017-4.jpg,0.27658411860466003,0.6904102563858032
resnet18,eigencam,7017-61.jpg,0.3425021171569824,0.787800669670105
resnet18,eigencam,7017-8.jpg,0.06623461097478867,0.8569115996360779
resnet18,eigencam,7018-177.jpg,0.14963798224925995,0.7361764907836914
resnet18,eigencam,7018-26.jpg,0.34024107456207275,0.7851831316947937
resnet18,eigencam,7018-65.jpg,0.044200219213962555,0.7280716300010681
resnet18,eigencam,7019-191.jpg,0.19107206165790558,0.7430564165115356
resnet18,eigencam,7019-2.jpg,0.12696731090545654,0.6149305701255798
resnet18,eigencam,7019-210.jpg,0.863664984703064,0.288106232881546
resnet18,eigencam,7019-40.jpg,0.23767732083797455,0.8582090139389038
resnet18,eigencam,7019-73.jpg,0.21833935379981995,0.8129925727844238
resnet18,eigencam,7020-141.jpg,0.22970284521579742,0.8942719101905823
resnet18,eigencam,7020-143.jpg,0.16449850797653198,0.7718486785888672
resnet18,eigencam,7020-147.jpg,0.2662908732891083,0.8392676115036011
resnet18,eigencam,7020-162.jpg,0.29229000210762024,0.8190755248069763
resnet18,eigencam,7020-170.jpg,0.10676702111959457,0.6503903269767761
resnet18,eigencam,7020-26.jpg,0.3063453137874603,0.8621746897697449
resnet18,eigencam,7021-11.jpg,0.12552446126937866,0.7887625694274902
resnet18,eigencam,7021-133.jpg,0.8128737211227417,0.3217954635620117
resnet18,eigencam,7021-149.jpg,0.8242406845092773,0.2647155225276947
resnet18,eigencam,7021-150.jpg,0.8341755867004395,0.2136988639831543
resnet18,eigencam,7021-151.jpg,0.7995226979255676,0.30779290199279785
resnet18,eigencam,7021-165.jpg,0.13133744895458221,0.7050807476043701
resnet18,eigencam,7021-174.jpg,0.18395859003067017,0.6725132465362549
resnet18,eigencam,7021-207.jpg,0.33341705799102783,0.841796875
resnet18,eigencam,7021-237.jpg,0.6707020998001099,0.15723183751106262
resnet18,eigencam,7021-249.jpg,0.31311216950416565,0.8190065026283264
resnet18,eigencam,7021-26.jpg,0.36345750093460083,0.8793300986289978
resnet18,eigencam,7021-29.jpg,0.37028542160987854,0.9135991334915161
resnet18,eigencam,7021-81.jpg,0.7456876039505005,0.05866124480962753
resnet18,eigencam,7022-111.jpg,0.20183545351028442,0.49713796377182007
resnet18,eigencam,7022-147.jpg,0.26707789301872253,0.7268657088279724
resnet18,eigencam,7022-39.jpg,0.3136094808578491,0.7916106581687927
resnet18,eigencam,7022-41.jpg,0.4183351397514343,0.7125868201255798
resnet18,eigencam,7023-37.jpg,0.2250172197818756,0.8082465529441833
resnet18,eigencam,7024-112.jpg,0.3449878394603729,0.7970392107963562
resnet18,eigencam,7024-12.jpg,0.2222202569246292,0.7957622408866882
resnet18,eigencam,7024-129.jpg,0.5154525637626648,0.8525935411453247
resnet18,eigencam,7024-29.jpg,0.09039606899023056,0.9284079670906067
resnet18,eigencam,7024-64.jpg,0.8308202028274536,0.27983778715133667
resnet18,eigencam,7025-113.jpg,0.8165343999862671,0.22114858031272888
resnet18,eigencam,7025-128.jpg,0.470371812582016,0.9022637605667114
resnet18,eigencam,7025-81.jpg,0.8038085699081421,0.1961723119020462
resnet18,eigencam,7026-113.jpg,0.41877683997154236,0.7246057987213135
resnet18,eigencam,7026-170.jpg,0.6518281102180481,0.13502588868141174
resnet18,eigencam,7026-221.jpg,0.3603688180446625,0.8653691411018372
resnet18,eigencam,7026-57.jpg,0.18441356718540192,0.7000336647033691
resnet18,eigencam,7026-86.jpg,0.7145721316337585,0.11400893330574036
resnet18,eigencam,7027-147.jpg,0.24994966387748718,0.5974921584129333
resnet18,scorecam,7001-2.jpg,0.2240457683801651,0.804884135723114
resnet18,scorecam,7001-26.jpg,0.127257838845253,0.7871142625808716
resnet18,scorecam,7002-33.jpg,0.21096517145633698,0.8814795613288879
resnet18,scorecam,7002-48.jpg,0.3275490701198578,0.9463191032409668
resnet18,scorecam,7004-143.jpg,0.3717772960662842,0.9078854322433472
resnet18,scorecam,7004-197.jpg,0.16696424782276154,0.8290073871612549
resnet18,scorecam,7004-92.jpg,0.21367661654949188,0.7589410543441772
resnet18,scorecam,7005-119.jpg,0.19871093332767487,0.8441323637962341
resnet18,scorecam,7005-78.jpg,0.33178940415382385,0.9155597686767578
resnet18,scorecam,7006-134.jpg,0.297820121049881,0.95359867811203
resnet18,scorecam,7006-154.jpg,0.27839282155036926,0.8607795238494873
resnet18,scorecam,7006-73.jpg,0.30463624000549316,0.9352126121520996
resnet18,scorecam,7006-77.jpg,0.3519846200942993,0.945760190486908
resnet18,scorecam,7006-96.jpg,0.3160512149333954,0.8832671642303467
resnet18,scorecam,7007-186.jpg,0.1632658839225769,0.9038732051849365
resnet18,scorecam,7008-56.jpg,0.33169683814048767,0.9578441977500916
resnet18,scorecam,7009-114.jpg,0.5577427744865417,0.9194275140762329
resnet18,scorecam,7009-2.jpg,0.15412311255931854,0.3463246524333954
resnet18,scorecam,7009-202.jpg,0.22513683140277863,0.9125542044639587
resnet18,scorecam,7009-47.jpg,0.3440077602863312,0.9401248693466187
resnet18,scorecam,7009-75.jpg,0.261817991733551,0.8439814448356628
resnet18,scorecam,7009-95.jpg,0.10372970998287201,0.9692916870117188
resnet18,scorecam,7010-227.jpg,0.2896384596824646,0.7915698289871216
resnet18,scorecam,7010-62.jpg,0.30676862597465515,0.885364294052124
resnet18,scorecam,7010-82.jpg,0.16600820422172546,0.8427704572677612
resnet18,scorecam,7010-96.jpg,0.40932175517082214,0.8720288872718811
resnet18,scorecam,7010-97.jpg,0.16575837135314941,0.7046999931335449
resnet18,scorecam,7011-134.jpg,0.16484598815441132,0.8706570863723755
resnet18,scorecam,7011-142.jpg,0.07466308772563934,0.7115566730499268
resnet18,scorecam,7011-143.jpg,0.21095293760299683,0.8181849718093872
resnet18,scorecam,7011-171.jpg,0.05503322184085846,0.8421494364738464
resnet18,scorecam,7011-18.jpg,0.15303935110569,0.9071698188781738
resnet18,scorecam,7011-192.jpg,0.44382837414741516,0.8556512594223022
resnet18,scorecam,7011-204.jpg,0.33595582842826843,0.9460105895996094
resnet18,scorecam,7011-25.jpg,0.1893998235464096,0.8965708613395691
resnet18,scorecam,7012-103.jpg,0.11464954167604446,0.7609704732894897
resnet18,scorecam,7012-119.jpg,0.266060471534729,0.8797842860221863
resnet18,scorecam,7012-128.jpg,0.10736380517482758,0.806330144405365
resnet18,scorecam,7012-13.jpg,0.1838960200548172,0.8568863868713379
resnet18,scorecam,7012-49.jpg,0.3132583498954773,0.8621727228164673
resnet18,scorecam,7012-67.jpg,0.22912736237049103,0.8611050844192505
resnet18,scorecam,7013-150.jpg,0.31224963068962097,0.8809987306594849
resnet18,scorecam,7013-184.jpg,0.29354560375213623,0.9424717426300049
resnet18,scorecam,7013-81.jpg,0.17944268882274628,0.8237704038619995
resnet18,scorecam,7013-99.jpg,0.23148539662361145,0.8848881125450134
resnet18,scorecam,7014-222.jpg,0.2065698355436325,0.8524686694145203
resnet18,scorecam,7016-136.jpg,0.28902050852775574,0.8656937479972839
resnet18,scorecam,7016-204.jpg,0.16404509544372559,0.4053967595100403
resnet18,scorecam,7016-65.jpg,0.4053383767604828,0.9237514734268188
resnet18,scorecam,7017-130.jpg,0.28298336267471313,0.6774155497550964
mobilenetv3,gradcam++,7001-2.jpg,0.7074130177497864,0.9186033010482788
mobilenetv3,gradcam++,7001-26.jpg,0.1971217393875122,0.9083532691001892
mobilenetv3,gradcam++,7002-33.jpg,0.2497442215681076,0.9536188840866089
mobilenetv3,gradcam++,7002-48.jpg,0.4951298236846924,0.9334231615066528
mobilenetv3,gradcam++,7004-143.jpg,0.4711395502090454,0.969184160232544
mobilenetv3,gradcam++,7004-197.jpg,0.4572555422782898,0.845729649066925
mobilenetv3,gradcam++,7004-92.jpg,0.34719574451446533,0.822252631187439
mobilenetv3,gradcam++,7005-119.jpg,0.4520498216152191,0.9537834525108337
mobilenetv3,gradcam++,7005-78.jpg,0.5319740176200867,0.9538039565086365
mobilenetv3,gradcam++,7006-134.jpg,0.40484151244163513,0.9685312509536743
mobilenetv3,gradcam++,7006-154.jpg,0.5543605089187622,0.9237798452377319
mobilenetv3,gradcam++,7006-73.jpg,0.5363965034484863,0.8831647634506226
mobilenetv3,gradcam++,7006-77.jpg,0.5209125876426697,0.9640915989875793
mobilenetv3,gradcam++,7006-96.jpg,0.6138787269592285,0.9540887475013733
mobilenetv3,gradcam++,7007-186.jpg,0.2550700008869171,0.9322535991668701
mobilenetv3,gradcam++,7008-56.jpg,0.40418460965156555,0.9406300783157349
mobilenetv3,gradcam++,7009-114.jpg,0.4346720576286316,0.9728526473045349
mobilenetv3,gradcam++,7009-2.jpg,0.13744352757930756,0.6517554521560669
mobilenetv3,gradcam++,7009-202.jpg,0.2842913866043091,0.9183521270751953
mobilenetv3,gradcam++,7009-47.jpg,0.529421329498291,0.9719139933586121
mobilenetv3,gradcam++,7009-75.jpg,0.4889819622039795,0.91373211145401
mobilenetv3,gradcam++,7009-95.jpg,0.5114128589630127,0.8720013499259949
mobilenetv3,gradcam++,7010-227.jpg,0.44084155559539795,0.8766290545463562
mobilenetv3,gradcam++,7010-62.jpg,0.3418874740600586,0.9447568655014038
mobilenetv3,gradcam++,7010-82.jpg,0.2827892005443573,0.9678972959518433
mobilenetv3,gradcam++,7010-96.jpg,0.5509350895881653,0.9163627624511719
mobilenetv3,gradcam++,7010-97.jpg,0.40791940689086914,0.902618944644928
mobilenetv3,gradcam++,7011-134.jpg,0.3119087815284729,0.8548681139945984
mobilenetv3,gradcam++,7011-142.jpg,0.22906523942947388,0.7778728008270264
mobilenetv3,gradcam++,7011-143.jpg,0.45993050932884216,0.9089223146438599
mobilenetv3,gradcam++,7011-171.jpg,0.16150814294815063,0.8920483589172363
mobilenetv3,gradcam++,7011-18.jpg,0.3817085325717926,0.8372417688369751
mobilenetv3,gradcam++,7011-192.jpg,0.687252938747406,0.9312758445739746
mobilenetv3,gradcam++,7011-204.jpg,0.3276605010032654,0.8875332474708557
mobilenetv3,gradcam++,7011-25.jpg,0.31683531403541565,0.8684119582176208
mobilenetv3,gradcam++,7012-103.jpg,0.23401184380054474,0.8501455783843994
mobilenetv3,gradcam++,7012-119.jpg,0.48649007081985474,0.9386113882064819
mobilenetv3,gradcam++,7012-128.jpg,0.3487507104873657,0.8470498323440552
mobilenetv3,gradcam++,7012-13.jpg,0.38553065061569214,0.9127874970436096
mobilenetv3,gradcam++,7012-49.jpg,0.516472339630127,0.8781960606575012
mobilenetv3,gradcam++,7012-67.jpg,0.33147579431533813,0.9181563854217529
mobilenetv3,gradcam++,7013-150.jpg,0.6608681082725525,0.9686598777770996
mobilenetv3,gradcam++,7013-184.jpg,0.35285627841949463,0.9670063257217407
mobilenetv3,gradcam++,7013-81.jpg,0.255705863237381,0.8580549955368042
mobilenetv3,gradcam++,7013-99.jpg,0.20806647837162018,0.9271292090415955
mobilenetv3,gradcam++,7014-222.jpg,0.33396992087364197,0.9209115505218506
mobilenetv3,gradcam++,7016-136.jpg,0.5377901792526245,0.9325921535491943
mobilenetv3,gradcam++,7016-204.jpg,0.21825860440731049,0.804257333278656
mobilenetv3,gradcam++,7016-65.jpg,0.7313302159309387,0.9509062767028809
mobilenetv3,gradcam++,7017-130.jpg,0.6138415932655334,0.7884956002235413
mobilenetv3,gradcam++,7017-190.jpg,0.45993682742118835,0.6339178681373596
mobilenetv3,gradcam++,7017-4.jpg,0.7004140615463257,0.8839091658592224
mobilenetv3,gradcam++,7017-61.jpg,0.5511360764503479,0.9706673622131348
mobilenetv3,gradcam++,7017-8.jpg,0.2106962651014328,0.9058537483215332
mobilenetv3,gradcam++,7018-177.jpg,0.5808225870132446,0.8904019594192505
mobilenetv3,gradcam++,7018-26.jpg,0.47879254817962646,0.9369315505027771
mobilenetv3,gradcam++,7018-65.jpg,0.425277978181839,0.7495941519737244
mobilenetv3,gradcam++,7019-191.jpg,0.38865289092063904,0.862777054309845
mobilenetv3,gradcam++,7019-2.jpg,0.5315494537353516,0.7072722911834717
mobilenetv3,gradcam++,7019-210.jpg,0.4128001034259796,0.9656662940979004
mobilenetv3,gradcam++,7019-40.jpg,0.46016356348991394,0.9407581686973572
mobilenetv3,gradcam++,7019-73.jpg,0.34193745255470276,0.8098539710044861
mobilenetv3,gradcam++,7020-141.jpg,0.31999534368515015,0.9656422138214111
mobilenetv3,gradcam++,7020-143.jpg,0.5886124968528748,0.9004259705543518
mobilenetv3,gradcam++,7020-147.jpg,0.726202130317688,0.8498505353927612
mobilenetv3,gradcam++,7020-162.jpg,0.6403704285621643,0.7597100138664246
mobilenetv3,gradcam++,7020-170.jpg,0.5163978934288025,0.8651706576347351
mobilenetv3,gradcam++,7020-26.jpg,0.5721712112426758,0.9367467164993286
mobilenetv3,gradcam++,7021-11.jpg,0.4507393538951874,0.85462486743927
mobilenetv3,gradcam++,7021-133.jpg,0.5643191337585449,0.943831205368042
mobilenetv3,gradcam++,7021-149.jpg,0.4740263819694519,0.9667935371398926
mobilenetv3,gradcam++,7021-150.jpg,0.4784441590309143,0.9676865935325623
mobilenetv3,gradcam++,7021-151.jpg,0.7118294835090637,0.9037092328071594
mobilenetv3,gradcam++,7021-165.jpg,0.6324832439422607,0.8667364120483398
mobilenetv3,gradcam++,7021-174.jpg,0.553203821182251,0.6984934210777283
mobilenetv3,gradcam++,7021-207.jpg,0.5087317824363708,0.9410688877105713
mobilenetv3,gradcam++,7021-237.jpg,0.5650606751441956,0.9307501912117004
mobilenetv3,gradcam++,7021-249.jpg,0.5033450722694397,0.8552789688110352
mobilenetv3,gradcam++,7021-26.jpg,0.7063977718353271,0.8983832597732544
mobilenetv3,gradcam++,7021-29.jpg,0.47152334451675415,0.9516905546188354
mobilenetv3,gradcam++,7021-81.jpg,0.37662994861602783,0.8782875537872314
mobilenetv3,gradcam++,7022-111.jpg,0.5930724143981934,0.646910548210144
mobilenetv3,gradcam++,7022-147.jpg,0.578231155872345,0.8862824440002441
mobilenetv3,gradcam++,7022-39.jpg,0.6171174645423889,0.7848385572433472
mobilenetv3,gradcam++,7022-41.jpg,0.47280699014663696,0.8913657069206238
mobilenetv3,gradcam++,7023-37.jpg,0.533534824848175,0.6745629906654358
mobilenetv3,gradcam++,7024-112.jpg,0.687416136264801,0.9139657616615295
mobilenetv3,gradcam++,7024-12.jpg,0.6714162230491638,0.9685673117637634
mobilenetv3,gradcam++,7024-129.jpg,0.5562664270401001,0.9546029567718506
mobilenetv3,gradcam++,7024-29.jpg,0.38283470273017883,0.9107574820518494
mobilenetv3,gradcam++,7024-64.jpg,0.6373968720436096,0.9627587795257568
mobilenetv3,gradcam++,7025-113.jpg,0.21733999252319336,0.9788363575935364
mobilenetv3,gradcam++,7025-128.jpg,0.600330650806427,0.8736613392829895
mobilenetv3,gradcam++,7025-81.jpg,0.40001460909843445,0.9360060095787048
mobilenetv3,gradcam++,7026-113.jpg,0.7875671982765198,0.7710861563682556
mobilenetv3,gradcam++,7026-170.jpg,0.5459742546081543,0.8561714887619019
mobilenetv3,gradcam++,7026-221.jpg,0.5702353119850159,0.9258208274841309
mobilenetv3,gradcam++,7026-57.jpg,0.5329511165618896,0.8778935670852661
mobilenetv3,gradcam++,7026-86.jpg,0.3939675986766815,0.9278463125228882
mobilenetv3,gradcam++,7027-147.jpg,0.7373648881912231,0.7160221338272095
mobilenetv3,eigencam,7001-2.jpg,0.5381302833557129,0.930326521396637
mobilenetv3,eigencam,7001-26.jpg,0.16273973882198334,0.9193738698959351
mobilenetv3,eigencam,7002-33.jpg,0.26118266582489014,0.9538835287094116
mobilenetv3,eigencam,7002-48.jpg,0.41941407322883606,0.9370435476303101
mobilenetv3,eigencam,7004-143.jpg,0.5901225805282593,0.9681590795516968
mobilenetv3,eigencam,7004-197.jpg,0.5297526717185974,0.8566741943359375
mobilenetv3,eigencam,7004-92.jpg,0.348513662815094,0.8519557118415833
mobilenetv3,eigencam,7005-119.jpg,0.35343292355537415,0.956273078918457
mobilenetv3,eigencam,7005-78.jpg,0.5100890398025513,0.9599838256835938
mobilenetv3,eigencam,7006-134.jpg,0.37105706334114075,0.9705137610435486
mobilenetv3,eigencam,7006-154.jpg,0.3690401613712311,0.8996317982673645
mobilenetv3,eigencam,7006-73.jpg,0.5012502074241638,0.8807995915412903
mobilenetv3,eigencam,7006-77.jpg,0.9534841179847717,0.49477770924568176
mobilenetv3,eigencam,7006-96.jpg,0.5653904676437378,0.9536027908325195
mobilenetv3,eigencam,7007-186.jpg,0.2747775912284851,0.9353941082954407
mobilenetv3,eigencam,7008-56.jpg,0.31506597995758057,0.9404390454292297
mobilenetv3,eigencam,7009-114.jpg,0.9643200039863586,0.4076065421104431
mobilenetv3,eigencam,7009-2.jpg,0.6288395524024963,0.26109039783477783
mobilenetv3,eigencam,7009-202.jpg,0.36415553092956543,0.8126362562179565
mobilenetv3,eigencam,7009-47.jpg,0.4870339334011078,0.9706088304519653
mobilenetv3,eigencam,7009-75.jpg,0.47584253549575806,0.920032262802124
mobilenetv3,eigencam,7009-95.jpg,0.5390951633453369,0.8663080930709839
mobilenetv3,eigencam,7010-227.jpg,0.3400808572769165,0.8739937543869019
mobilenetv3,eigencam,7010-62.jpg,0.2802870571613312,0.9598678350448608
mobilenetv3,eigencam,7010-82.jpg,0.29997706413269043,0.965390145778656
mobilenetv3,eigencam,7010-96.jpg,0.5561043620109558,0.8904732465744019
mobilenetv3,eigencam,7010-97.jpg,0.34217941761016846,0.9013800024986267
mobilenetv3,eigencam,7011-134.jpg,0.22843347489833832,0.862059473991394
mobilenetv3,eigencam,7011-142.jpg,0.20730902254581451,0.7117307186126709
mobilenetv3,eigencam,7011-143.jpg,0.38490116596221924,0.8946104049682617
mobilenetv3,eigencam,7011-171.jpg,0.16602776944637299,0.9092477560043335
mobilenetv3,eigencam,7011-18.jpg,0.4677613377571106,0.8617653250694275
mobilenetv3,eigencam,7011-192.jpg,0.6275012493133545,0.9265905618667603
mobilenetv3,eigencam,7011-204.jpg,0.30640217661857605,0.8935480713844299
mobilenetv3,eigencam,7011-25.jpg,0.3799208700656891,0.8787416219711304
mobilenetv3,eigencam,7012-103.jpg,0.843151867389679,0.28707587718963623
mobilenetv3,eigencam,7012-119.jpg,0.42924052476882935,0.9499518275260925
mobilenetv3,eigencam,7012-128.jpg,0.22368678450584412,0.8782719969749451
mobilenetv3,eigencam,7012-13.jpg,0.31671321392059326,0.9140845537185669
mobilenetv3,eigencam,7012-49.jpg,0.43305590748786926,0.8969157934188843
mobilenetv3,eigencam,7012-67.jpg,0.3099304139614105,0.9151638150215149
mobilenetv3,eigencam,7013-150.jpg,0.6071078181266785,0.9659523367881775
mobilenetv3,eigencam,7013-184.jpg,0.3242376446723938,0.9675734639167786
mobilenetv3,eigencam,7013-81.jpg,0.7904970645904541,0.28180572390556335
mobilenetv3,eigencam,7013-99.jpg,0.9358811378479004,0.1977880448102951
mobilenetv3,eigencam,7014-222.jpg,0.3709087669849396,0.9293293356895447
mobilenetv3,eigencam,7016-136.jpg,0.4292074143886566,0.9439550638198853
mobilenetv3,eigencam,7016-204.jpg,0.19000478088855743,0.8446632623672485
mobilenetv3,eigencam,7016-65.jpg,0.5692270994186401,0.9553055763244629
mobilenetv3,eigencam,7017-130.jpg,0.6256932616233826,0.8039734363555908
mobilenetv3,eigencam,7017-190.jpg,0.3987177312374115,0.6773028373718262
mobilenetv3,eigencam,7017-4.jpg,0.6482375264167786,0.8755519986152649
mobilenetv3,eigencam,7017-61.jpg,0.642375111579895,0.9681977033615112
mobilenetv3,eigencam,7017-8.jpg,0.34686681628227234,0.8950051069259644
mobilenetv3,eigencam,7018-177.jpg,0.5755215883255005,0.8860701322555542
mobilenetv3,eigencam,7018-26.jpg,0.93673175573349,0.4879778325557709
mobilenetv3,eigencam,7018-65.jpg,0.42868998646736145,0.7501082420349121
mobilenetv3,eigencam,7019-191.jpg,0.9130474925041199,0.3021474778652191
mobilenetv3,eigencam,7019-2.jpg,0.5659377574920654,0.7322356104850769
mobilenetv3,eigencam,7019-210.jpg,0.9523256421089172,0.3926575481891632
mobilenetv3,eigencam,7019-40.jpg,0.4959195554256439,0.921528160572052
mobilenetv3,eigencam,7019-73.jpg,0.7976509928703308,0.324250727891922
mobilenetv3,eigencam,7020-141.jpg,0.3769417405128479,0.9702062606811523
mobilenetv3,eigencam,7020-143.jpg,0.6640705466270447,0.9027246236801147
mobilenetv3,eigencam,7020-147.jpg,0.6860106587409973,0.8504176735877991
mobilenetv3,eigencam,7020-162.jpg,0.7006841897964478,0.7499635219573975
mobilenetv3,eigencam,7020-170.jpg,0.4585212171077728,0.8651430606842041
mobilenetv3,eigencam,7020-26.jpg,0.8795175552368164,0.6008269190788269
mobilenetv3,eigencam,7021-11.jpg,0.43166878819465637,0.8871952295303345
mobilenetv3,eigencam,7021-133.jpg,0.9428349733352661,0.5354763269424438
mobilenetv3,eigencam,7021-149.jpg,0.9567594528198242,0.4845767021179199
mobilenetv3,eigencam,7021-150.jpg,0.9683922529220581,0.5384892821311951
mobilenetv3,eigencam,7021-151.jpg,0.8444587588310242,0.6520829796791077
mobilenetv3,eigencam,7021-165.jpg,0.8668261766433716,0.642127275466919
mobilenetv3,eigencam,7021-174.jpg,0.4469178020954132,0.649992048740387
mobilenetv3,eigencam,7021-207.jpg,0.5358449220657349,0.9362861514091492
mobilenetv3,eigencam,7021-237.jpg,0.8860817551612854,0.5920302271842957
mobilenetv3,eigencam,7021-249.jpg,0.5023986101150513,0.8733652830123901
mobilenetv3,eigencam,7021-26.jpg,0.9379675388336182,0.5953236818313599
mobilenetv3,eigencam,7021-29.jpg,0.4837972819805145,0.9441719651222229
mobilenetv3,eigencam,7021-81.jpg,0.8640158772468567,0.3235301077365875
mobilenetv3,eigencam,7022-111.jpg,0.645195484161377,0.6587350964546204
mobilenetv3,eigencam,7022-147.jpg,0.5552125573158264,0.8639153242111206
mobilenetv3,eigencam,7022-39.jpg,0.7056673765182495,0.8554015755653381
mobilenetv3,eigencam,7022-41.jpg,0.49678942561149597,0.8929389715194702
mobilenetv3,eigencam,7023-37.jpg,0.6834325194358826,0.6122357249259949
mobilenetv3,eigencam,7024-112.jpg,0.6161205768585205,0.8970617055892944
mobilenetv3,eigencam,7024-12.jpg,0.6868628859519958,0.9716578125953674
mobilenetv3,eigencam,7024-129.jpg,0.8651733994483948,0.9547802209854126
mobilenetv3,eigencam,7024-29.jpg,0.3311347961425781,0.9140490889549255
mobilenetv3,eigencam,7024-64.jpg,0.9276133179664612,0.6018787026405334
mobilenetv3,eigencam,7025-113.jpg,0.9789127707481384,0.2019139528274536
mobilenetv3,eigencam,7025-128.jpg,0.6172688007354736,0.8795812726020813
mobilenetv3,eigencam,7025-81.jpg,0.9003154635429382,0.4189683198928833
mobilenetv3,eigencam,7026-113.jpg,0.761955201625824,0.752974271774292
mobilenetv3,eigencam,7026-170.jpg,0.866612434387207,0.5083854794502258
mobilenetv3,eigencam,7026-221.jpg,0.6053217649459839,0.9174703359603882
mobilenetv3,eigencam,7026-57.jpg,0.5227177143096924,0.8963169455528259
mobilenetv3,eigencam,7026-86.jpg,0.9323384761810303,0.39242440462112427
mobilenetv3,eigencam,7027-147.jpg,0.6546400785446167,0.6835044026374817
mobilenetv3,scorecam,7001-2.jpg,0.6312981247901917,0.9176742434501648
mobilenetv3,scorecam,7001-26.jpg,0.20968057215213776,0.9065659642219543
mobilenetv3,scorecam,7002-33.jpg,0.280739963054657,0.9506728053092957
mobilenetv3,scorecam,7002-48.jpg,0.5044260621070862,0.940016508102417
mobilenetv3,scorecam,7004-143.jpg,0.4161126911640167,0.9690661430358887
mobilenetv3,scorecam,7004-197.jpg,0.523165225982666,0.854451596736908
mobilenetv3,scorecam,7004-92.jpg,0.39464497566223145,0.8167420029640198
mobilenetv3,scorecam,7005-119.jpg,0.4171105623245239,0.9584090709686279
mobilenetv3,scorecam,7005-78.jpg,0.5567806959152222,0.9594643712043762
mobilenetv3,scorecam,7006-134.jpg,0.38353267312049866,0.9692125916481018
mobilenetv3,scorecam,7006-154.jpg,0.5859076976776123,0.919408917427063
mobilenetv3,scorecam,7006-73.jpg,0.5435177683830261,0.91470867395401
mobilenetv3,scorecam,7006-77.jpg,0.5035159587860107,0.9626153707504272
mobilenetv3,scorecam,7006-96.jpg,0.628427267074585,0.95244961977005
mobilenetv3,scorecam,7007-186.jpg,0.3110266923904419,0.932623028755188
mobilenetv3,scorecam,7008-56.jpg,0.4081684947013855,0.956545352935791
mobilenetv3,scorecam,7009-114.jpg,0.45039913058280945,0.9729870557785034
mobilenetv3,scorecam,7009-2.jpg,0.18143068253993988,0.7022872567176819
mobilenetv3,scorecam,7009-202.jpg,0.3956338167190552,0.9241255521774292
mobilenetv3,scorecam,7009-47.jpg,0.528925359249115,0.9710374474525452
mobilenetv3,scorecam,7009-75.jpg,0.5170848965644836,0.9201037287712097
mobilenetv3,scorecam,7009-95.jpg,0.567329466342926,0.8734678030014038
mobilenetv3,scorecam,7010-227.jpg,0.4692361652851105,0.8736907243728638
mobilenetv3,scorecam,7010-62.jpg,0.2883549630641937,0.9537867903709412
mobilenetv3,scorecam,7010-82.jpg,0.3084361255168915,0.967572808265686
mobilenetv3,scorecam,7010-96.jpg,0.5039463639259338,0.9128749370574951
mobilenetv3,scorecam,7010-97.jpg,0.3774908483028412,0.896215558052063
mobilenetv3,scorecam,7011-134.jpg,0.3149773180484772,0.8469085693359375
mobilenetv3,scorecam,7011-142.jpg,0.2423998862504959,0.7603065967559814
mobilenetv3,scorecam,7011-143.jpg,0.464851051568985,0.9065021276473999
mobilenetv3,scorecam,7011-171.jpg,0.15072032809257507,0.900423526763916
mobilenetv3,scorecam,7011-18.jpg,0.5081700086593628,0.8363869190216064
mobilenetv3,scorecam,7011-192.jpg,0.7028076648712158,0.9290210604667664
mobilenetv3,scorecam,7011-204.jpg,0.3159913718700409,0.887686550617218
mobilenetv3,scorecam,7011-25.jpg,0.4315912127494812,0.8698558211326599
mobilenetv3,scorecam,7012-103.jpg,0.22008827328681946,0.8577834963798523
mobilenetv3,scorecam,7012-119.jpg,0.5289621949195862,0.9486746191978455
mobilenetv3,scorecam,7012-128.jpg,0.37309467792510986,0.8203039169311523
mobilenetv3,scorecam,7012-13.jpg,0.4027436077594757,0.9109287858009338
mobilenetv3,scorecam,7012-49.jpg,0.4790898859500885,0.9027386903762817
mobilenetv3,scorecam,7012-67.jpg,0.36412379145622253,0.9257223010063171
mobilenetv3,scorecam,7013-150.jpg,0.6466461420059204,0.9639586210250854
mobilenetv3,scorecam,7013-184.jpg,0.3314679265022278,0.9679096937179565
mobilenetv3,scorecam,7013-81.jpg,0.27332642674446106,0.8484012484550476
mobilenetv3,scorecam,7013-99.jpg,0.20632754266262054,0.929711103439331
mobilenetv3,scorecam,7014-222.jpg,0.31863173842430115,0.9290014505386353
mobilenetv3,scorecam,7016-136.jpg,0.4839867353439331,0.9259411692619324
mobilenetv3,scorecam,7016-204.jpg,0.25717946887016296,0.7976136803627014
mobilenetv3,scorecam,7016-65.jpg,0.7073904871940613,0.9551206827163696
mobilenetv3,scorecam,7017-130.jpg,0.6378653645515442,0.7715200781822205
vit_tiny,gradcam++,7001-2.jpg,0.8198205828666687,0.7727839946746826
vit_tiny,gradcam++,7001-26.jpg,0.2003006637096405,0.6610148549079895
vit_tiny,gradcam++,7002-33.jpg,0.8984038829803467,0.18465521931648254
vit_tiny,gradcam++,7002-48.jpg,0.5420541763305664,0.9382132887840271
vit_tiny,gradcam++,7004-143.jpg,0.8202375769615173,0.5537613034248352
vit_tiny,gradcam++,7004-197.jpg,0.24257175624370575,0.877773106098175
vit_tiny,gradcam++,7004-92.jpg,0.2181541621685028,0.5224526524543762
vit_tiny,gradcam++,7005-119.jpg,0.24304327368736267,0.956099808216095
vit_tiny,gradcam++,7005-78.jpg,0.6947631239891052,0.8286440968513489
vit_tiny,gradcam++,7006-134.jpg,0.9300664663314819,0.29689162969589233
vit_tiny,gradcam++,7006-154.jpg,0.9311050772666931,0.8131473064422607
vit_tiny,gradcam++,7006-73.jpg,0.8064980506896973,0.7550727128982544
vit_tiny,gradcam++,7006-77.jpg,0.3960142433643341,0.9636191129684448
vit_tiny,gradcam++,7006-96.jpg,0.9046047925949097,0.6301873922348022
vit_tiny,gradcam++,7007-186.jpg,0.585157573223114,0.2484077513217926
vit_tiny,gradcam++,7008-56.jpg,0.9454954266548157,0.3119497299194336
vit_tiny,gradcam++,7009-114.jpg,0.6618859171867371,0.8438947796821594
vit_tiny,gradcam++,7009-2.jpg,0.31127625703811646,0.764972448348999
vit_tiny,gradcam++,7009-202.jpg,0.4828750789165497,0.5482838749885559
vit_tiny,gradcam++,7009-47.jpg,0.863559901714325,0.852424681186676
vit_tiny,gradcam++,7009-75.jpg,0.8114007115364075,0.5594422817230225
vit_tiny,gradcam++,7009-95.jpg,0.9228792190551758,0.22207964956760406
vit_tiny,gradcam++,7010-227.jpg,0.22117020189762115,0.9426537156105042
vit_tiny,gradcam++,7010-62.jpg,0.9640637636184692,0.25355806946754456
vit_tiny,gradcam++,7010-82.jpg,0.19602429866790771,0.9366104602813721
vit_tiny,gradcam++,7010-96.jpg,0.32288551330566406,0.9510294795036316
vit_tiny,gradcam++,7010-97.jpg,0.23262332379817963,0.9472265839576721
vit_tiny,gradcam++,7011-134.jpg,0.2698069214820862,0.5336992144584656
vit_tiny,gradcam++,7011-142.jpg,0.8830804228782654,0.20432864129543304
vit_tiny,gradcam++,7011-143.jpg,0.7607756853103638,0.3577271103858948
vit_tiny,gradcam++,7011-171.jpg,0.6811603307723999,0.3340957760810852
vit_tiny,gradcam++,7011-18.jpg,0.8795823454856873,0.361396461725235
vit_tiny,gradcam++,7011-192.jpg,0.6059236526489258,0.9597216248512268
vit_tiny,gradcam++,7011-204.jpg,0.8122829794883728,0.650606095790863
vit_tiny,gradcam++,7011-25.jpg,0.48624056577682495,0.6046243906021118
vit_tiny,gradcam++,7012-103.jpg,0.682963490486145,0.3860064148902893
vit_tiny,gradcam++,7012-119.jpg,0.35447463393211365,0.9573138356208801
vit_tiny,gradcam++,7012-128.jpg,0.18619784712791443,0.618177056312561
vit_tiny,gradcam++,7012-13.jpg,0.4750480055809021,0.5413434505462646
vit_tiny,gradcam++,7012-49.jpg,0.9434236288070679,0.17136484384536743
vit_tiny,gradcam++,7012-67.jpg,0.21941351890563965,0.9259425401687622
vit_tiny,gradcam++,7013-150.jpg,0.8210576176643372,0.7759841084480286
vit_tiny,gradcam++,7013-184.jpg,0.9391228556632996,0.2473192662000656
vit_tiny,gradcam++,7013-81.jpg,0.25025704503059387,0.9467877745628357
vit_tiny,gradcam++,7013-99.jpg,0.5870162844657898,0.5366062521934509
vit_tiny,gradcam++,7014-222.jpg,0.8574256896972656,0.5346657633781433
vit_tiny,gradcam++,7016-136.jpg,0.7018324136734009,0.47495993971824646
vit_tiny,gradcam++,7016-204.jpg,0.5128436088562012,0.24223537743091583
vit_tiny,gradcam++,7016-65.jpg,0.9487497210502625,0.26595938205718994
vit_tiny,gradcam++,7017-130.jpg,0.3021974265575409,0.6616896986961365
vit_tiny,gradcam++,7017-190.jpg,0.7340013980865479,0.1457589864730835
vit_tiny,gradcam++,7017-4.jpg,0.6152427196502686,0.7523170709609985
vit_tiny,gradcam++,7017-61.jpg,0.9695624709129333,0.359239399433136
vit_tiny,gradcam++,7017-8.jpg,0.8031010031700134,0.4881862998008728
vit_tiny,gradcam++,7018-177.jpg,0.8823789954185486,0.3563126027584076
vit_tiny,gradcam++,7018-26.jpg,0.560620903968811,0.9108112454414368
vit_tiny,gradcam++,7018-65.jpg,0.8586194515228271,0.4062671959400177
vit_tiny,gradcam++,7019-191.jpg,0.9613212943077087,0.7304714918136597
vit_tiny,gradcam++,7019-2.jpg,0.9100776314735413,0.6077329516410828
vit_tiny,gradcam++,7019-210.jpg,0.9120036363601685,0.6997170448303223
vit_tiny,gradcam++,7019-40.jpg,0.9742552638053894,0.6744359135627747
vit_tiny,gradcam++,7019-73.jpg,0.8444454073905945,0.518845796585083
vit_tiny,gradcam++,7020-141.jpg,0.32775306701660156,0.9660915732383728
vit_tiny,gradcam++,7020-143.jpg,0.9165409803390503,0.5470482707023621
vit_tiny,gradcam++,7020-147.jpg,0.29728543758392334,0.9159380197525024
vit_tiny,gradcam++,7020-162.jpg,0.9277245998382568,0.8260364532470703
vit_tiny,gradcam++,7020-170.jpg,0.2773444950580597,0.6481605768203735
vit_tiny,gradcam++,7020-26.jpg,0.9607656002044678,0.45206159353256226
vit_tiny,gradcam++,7021-11.jpg,0.4326249063014984,0.9642865657806396
vit_tiny,gradcam++,7021-133.jpg,0.8230217099189758,0.4801551103591919
vit_tiny,gradcam++,7021-149.jpg,0.6478906273841858,0.960519552230835
vit_tiny,gradcam++,7021-150.jpg,0.5871155858039856,0.83843994140625
vit_tiny,gradcam++,7021-151.jpg,0.9637905359268188,0.3723149001598358
vit_tiny,gradcam++,7021-165.jpg,0.6881906986236572,0.879615843296051
vit_tiny,gradcam++,7021-174.jpg,0.6490669846534729,0.44817349314689636
vit_tiny,gradcam++,7021-207.jpg,0.8389408588409424,0.7317662239074707
vit_tiny,gradcam++,7021-237.jpg,0.36309587955474854,0.7103233337402344
vit_tiny,gradcam++,7021-249.jpg,0.48449790477752686,0.7821146249771118
vit_tiny,gradcam++,7021-26.jpg,0.9777442812919617,0.4664130210876465
vit_tiny,gradcam++,7021-29.jpg,0.5598741173744202,0.9139503836631775
vit_tiny,gradcam++,7021-81.jpg,0.7963687181472778,0.2458253651857376
vit_tiny,gradcam++,7022-111.jpg,0.9024878144264221,0.351654052734375
vit_tiny,gradcam++,7022-147.jpg,0.7059265971183777,0.7268202304840088
vit_tiny,gradcam++,7022-39.jpg,0.8696397542953491,0.8597174882888794
vit_tiny,gradcam++,7022-41.jpg,0.8133044242858887,0.8701692223548889
vit_tiny,gradcam++,7023-37.jpg,0.6631059646606445,0.9395748376846313
vit_tiny,gradcam++,7024-112.jpg,0.9637991189956665,0.884170413017273
vit_tiny,gradcam++,7024-12.jpg,0.8847065567970276,0.3400532305240631
vit_tiny,gradcam++,7024-129.jpg,0.9703729748725891,0.3237217962741852
vit_tiny,gradcam++,7024-29.jpg,0.9398633241653442,0.3519134521484375
vit_tiny,gradcam++,7024-64.jpg,0.6779228448867798,0.9131628274917603
vit_tiny,gradcam++,7025-113.jpg,0.6069430708885193,0.8333362340927124
vit_tiny,gradcam++,7025-128.jpg,0.5334082245826721,0.8534866571426392
vit_tiny,gradcam++,7025-81.jpg,0.9511669278144836,0.40166425704956055
vit_tiny,gradcam++,7026-113.jpg,0.7343356609344482,0.7465977668762207
vit_tiny,gradcam++,7026-170.jpg,0.545967161655426,0.5877884030342102
vit_tiny,gradcam++,7026-221.jpg,0.7675949931144714,0.8168339729309082
vit_tiny,gradcam++,7026-57.jpg,0.8735044002532959,0.6419918537139893
vit_tiny,gradcam++,7026-86.jpg,0.3445712924003601,0.8619630336761475
vit_tiny,gradcam++,7027-147.jpg,0.46305984258651733,0.5904951095581055
vit_tiny,eigencam,7001-2.jpg,0.9264066815376282,0.42323264479637146
vit_tiny,eigencam,7001-26.jpg,0.49333053827285767,0.30501788854599
vit_tiny,eigencam,7002-33.jpg,0.8620279431343079,0.2508438527584076
vit_tiny,eigencam,7002-48.jpg,0.9257842302322388,0.3288027346134186
vit_tiny,eigencam,7004-143.jpg,0.9208765029907227,0.2831834554672241
vit_tiny,eigencam,7004-197.jpg,0.8814395070075989,0.3095979690551758
vit_tiny,eigencam,7004-92.jpg,0.5197200179100037,0.27333125472068787
vit_tiny,eigencam,7005-119.jpg,0.9434838891029358,0.292537122964859
vit_tiny,eigencam,7005-78.jpg,0.9684990644454956,0.32282763719558716
vit_tiny,eigencam,7006-134.jpg,0.9565659165382385,0.2881639897823334
vit_tiny,eigencam,7006-154.jpg,0.9203091263771057,0.23574084043502808
vit_tiny,eigencam,7006-73.jpg,0.9292258024215698,0.392999529838562
vit_tiny,eigencam,7006-77.jpg,0.9521568417549133,0.3522435426712036
vit_tiny,eigencam,7006-96.jpg,0.27249741554260254,0.9631001353263855
vit_tiny,eigencam,7007-186.jpg,0.5570772290229797,0.20994266867637634
vit_tiny,eigencam,7008-56.jpg,0.9286393523216248,0.3812072277069092
vit_tiny,eigencam,7009-114.jpg,0.2396426796913147,0.9507771134376526
vit_tiny,eigencam,7009-2.jpg,0.659115731716156,0.3112902045249939
vit_tiny,eigencam,7009-202.jpg,0.8298019766807556,0.23322825133800507
vit_tiny,eigencam,7009-47.jpg,0.935283362865448,0.2916068434715271
vit_tiny,eigencam,7009-75.jpg,0.8871180415153503,0.3464442491531372
vit_tiny,eigencam,7009-95.jpg,0.9352454543113708,0.278219997882843
vit_tiny,eigencam,7010-227.jpg,0.9149656295776367,0.31769537925720215
vit_tiny,eigencam,7010-62.jpg,0.9479264616966248,0.270801305770874
vit_tiny,eigencam,7010-82.jpg,0.9302677512168884,0.22485266625881195
vit_tiny,eigencam,7010-96.jpg,0.9491146206855774,0.33772653341293335
vit_tiny,eigencam,7010-97.jpg,0.9259227514266968,0.25383368134498596
vit_tiny,eigencam,7011-134.jpg,0.5814748406410217,0.2118670642375946
vit_tiny,eigencam,7011-142.jpg,0.8432811498641968,0.22092068195343018
vit_tiny,eigencam,7011-143.jpg,0.9003795385360718,0.2519153356552124
vit_tiny,eigencam,7011-171.jpg,0.7184776067733765,0.24118833243846893
vit_tiny,eigencam,7011-18.jpg,0.89438796043396,0.42976126074790955
vit_tiny,eigencam,7011-192.jpg,0.9285857677459717,0.3582518696784973
vit_tiny,eigencam,7011-204.jpg,0.9356948733329773,0.24386142194271088
vit_tiny,eigencam,7011-25.jpg,0.9012882113456726,0.3462578058242798
vit_tiny,eigencam,7012-103.jpg,0.8406704068183899,0.33157163858413696
vit_tiny,eigencam,7012-119.jpg,0.9463156461715698,0.23510999977588654
vit_tiny,eigencam,7012-128.jpg,0.5677523016929626,0.2584807276725769
vit_tiny,eigencam,7012-13.jpg,0.7290749549865723,0.3346529006958008
vit_tiny,eigencam,7012-49.jpg,0.8940293788909912,0.2404840588569641
vit_tiny,eigencam,7012-67.jpg,0.8867015242576599,0.2593226134777069
vit_tiny,eigencam,7013-150.jpg,0.9220471382141113,0.23141267895698547
vit_tiny,eigencam,7013-184.jpg,0.9560542702674866,0.30737656354904175
vit_tiny,eigencam,7013-81.jpg,0.9260827302932739,0.25982582569122314
vit_tiny,eigencam,7013-99.jpg,0.8614262342453003,0.2692335844039917
vit_tiny,eigencam,7014-222.jpg,0.9250611662864685,0.270290732383728
vit_tiny,eigencam,7016-136.jpg,0.9161534905433655,0.26237204670906067
vit_tiny,eigencam,7016-204.jpg,0.6588162183761597,0.21857121586799622
vit_tiny,eigencam,7016-65.jpg,0.9389926791191101,0.36825254559516907
vit_tiny,eigencam,7017-130.jpg,0.7311645746231079,0.187062606215477
vit_tiny,eigencam,7017-190.jpg,0.5367697477340698,0.20982663333415985
vit_tiny,eigencam,7017-4.jpg,0.8098521828651428,0.44071266055107117
vit_tiny,eigencam,7017-61.jpg,0.9679653644561768,0.4302711486816406
vit_tiny,eigencam,7017-8.jpg,0.8396708369255066,0.498977392911911
vit_tiny,eigencam,7018-177.jpg,0.7358101606369019,0.3187394142150879
vit_tiny,eigencam,7018-26.jpg,0.949302613735199,0.3928942382335663
vit_tiny,eigencam,7018-65.jpg,0.8770239353179932,0.42350926995277405
vit_tiny,eigencam,7019-191.jpg,0.9317448735237122,0.5567883253097534
vit_tiny,eigencam,7019-2.jpg,0.8960467576980591,0.6079126000404358
vit_tiny,eigencam,7019-210.jpg,0.9517939686775208,0.38862138986587524
vit_tiny,eigencam,7019-40.jpg,0.9746893644332886,0.6314682960510254
vit_tiny,eigencam,7019-73.jpg,0.8104075193405151,0.5217821598052979
vit_tiny,eigencam,7020-141.jpg,0.9574342370033264,0.3399139642715454
vit_tiny,eigencam,7020-143.jpg,0.9595384001731873,0.5867847204208374
vit_tiny,eigencam,7020-147.jpg,0.927445650100708,0.3391892910003662
vit_tiny,eigencam,7020-162.jpg,0.9223596453666687,0.4309593737125397
vit_tiny,eigencam,7020-170.jpg,0.6225809454917908,0.17935100197792053
vit_tiny,eigencam,7020-26.jpg,0.9614043831825256,0.47162407636642456
vit_tiny,eigencam,7021-11.jpg,0.939536452293396,0.4414701759815216
vit_tiny,eigencam,7021-133.jpg,0.9356226325035095,0.4103181064128876
vit_tiny,eigencam,7021-149.jpg,0.948464572429657,0.5223088264465332
vit_tiny,eigencam,7021-150.jpg,0.9704427719116211,0.3800593614578247
vit_tiny,eigencam,7021-151.jpg,0.9499609470367432,0.4516034722328186
vit_tiny,eigencam,7021-165.jpg,0.8873836994171143,0.4903620481491089
vit_tiny,eigencam,7021-174.jpg,0.5988668203353882,0.3644132614135742
vit_tiny,eigencam,7021-207.jpg,0.9175874590873718,0.4139910340309143
vit_tiny,eigencam,7021-237.jpg,0.6844979524612427,0.4927675426006317
vit_tiny,eigencam,7021-249.jpg,0.9345017075538635,0.5196007490158081
vit_tiny,eigencam,7021-26.jpg,0.9379888772964478,0.5257177352905273
vit_tiny,eigencam,7021-29.jpg,0.3750806152820587,0.9730469584465027
vit_tiny,eigencam,7021-81.jpg,0.45009663701057434,0.5465772151947021
vit_tiny,eigencam,7022-111.jpg,0.38937312364578247,0.8977129459381104
vit_tiny,eigencam,7022-147.jpg,0.899388313293457,0.3737781047821045
vit_tiny,eigencam,7022-39.jpg,0.9351441860198975,0.5092157125473022
vit_tiny,eigencam,7022-41.jpg,0.9117687344551086,0.4421403408050537
vit_tiny,eigencam,7023-37.jpg,0.9094910025596619,0.5807007551193237
vit_tiny,eigencam,7024-112.jpg,0.9556276202201843,0.44690513610839844
vit_tiny,eigencam,7024-12.jpg,0.8869743943214417,0.3517284691333771
vit_tiny,eigencam,7024-129.jpg,0.965583324432373,0.4174360930919647
vit_tiny,eigencam,7024-29.jpg,0.9186793565750122,0.44001489877700806
vit_tiny,eigencam,7024-64.jpg,0.9344425201416016,0.4055945873260498
vit_tiny,eigencam,7025-113.jpg,0.9293358325958252,0.461399108171463
vit_tiny,eigencam,7025-128.jpg,0.9560336470603943,0.39176931977272034
vit_tiny,eigencam,7025-81.jpg,0.9495195150375366,0.33536413311958313
vit_tiny,eigencam,7026-113.jpg,0.42411166429519653,0.9680943489074707
vit_tiny,eigencam,7026-170.jpg,0.7833170294761658,0.38574299216270447
vit_tiny,eigencam,7026-221.jpg,0.9269083738327026,0.4620759189128876
vit_tiny,eigencam,7026-57.jpg,0.8434204459190369,0.5016242861747742
vit_tiny,eigencam,7026-86.jpg,0.9307606220245361,0.30009809136390686
vit_tiny,eigencam,7027-147.jpg,0.32544711232185364,0.7753536701202393
vit_tiny,scorecam,7001-2.jpg,0.8386307954788208,0.9237614870071411
vit_tiny,scorecam,7001-26.jpg,0.46063658595085144,0.25148433446884155
vit_tiny,scorecam,7002-33.jpg,0.18383356928825378,0.9257797598838806
vit_tiny,scorecam,7002-48.jpg,0.7865290641784668,0.8457908630371094
vit_tiny,scorecam,7004-143.jpg,0.6863192319869995,0.7055043578147888
vit_tiny,scorecam,7004-197.jpg,0.2588709890842438,0.9231700897216797
vit_tiny,scorecam,7004-92.jpg,0.20499710738658905,0.7914382815361023
vit_tiny,scorecam,7005-119.jpg,0.9265188574790955,0.5211411714553833
vit_tiny,scorecam,7005-78.jpg,0.855100691318512,0.8753635287284851
vit_tiny,scorecam,7006-134.jpg,0.9130973815917969,0.7467078566551208
vit_tiny,scorecam,7006-154.jpg,0.9418225884437561,0.6604341864585876
vit_tiny,scorecam,7006-73.jpg,0.827643871307373,0.6303605437278748
vit_tiny,scorecam,7006-77.jpg,0.8828224539756775,0.7933107018470764
vit_tiny,scorecam,7006-96.jpg,0.8996975421905518,0.6414953470230103
vit_tiny,scorecam,7007-186.jpg,0.5907424092292786,0.19251516461372375
vit_tiny,scorecam,7008-56.jpg,0.8814362287521362,0.6327909231185913
vit_tiny,scorecam,7009-114.jpg,0.8933554291725159,0.45666250586509705
vit_tiny,scorecam,7009-2.jpg,0.306029349565506,0.60550856590271
vit_tiny,scorecam,7009-202.jpg,0.8277878761291504,0.17895692586898804
vit_tiny,scorecam,7009-47.jpg,0.9300892353057861,0.40316343307495117
vit_tiny,scorecam,7009-75.jpg,0.7800289392471313,0.8236403465270996
vit_tiny,scorecam,7009-95.jpg,0.5657188892364502,0.7737467288970947
vit_tiny,scorecam,7010-227.jpg,0.9202554821968079,0.33654388785362244
vit_tiny,scorecam,7010-62.jpg,0.5797946453094482,0.8259616494178772
vit_tiny,scorecam,7010-82.jpg,0.7096841931343079,0.5583964586257935
vit_tiny,scorecam,7010-96.jpg,0.9215002059936523,0.3517196476459503
vit_tiny,scorecam,7010-97.jpg,0.2001238316297531,0.9421371817588806
vit_tiny,scorecam,7011-134.jpg,0.4734768271446228,0.3100939393043518
vit_tiny,scorecam,7011-142.jpg,0.20416468381881714,0.8810667395591736
vit_tiny,scorecam,7011-143.jpg,0.3450426459312439,0.9309884309768677
vit_tiny,scorecam,7011-171.jpg,0.1545238196849823,0.8162391781806946
vit_tiny,scorecam,7011-18.jpg,0.6337323784828186,0.8143371343612671
vit_tiny,scorecam,7011-192.jpg,0.9335539937019348,0.535085141658783
vit_tiny,scorecam,7011-204.jpg,0.847628653049469,0.46776482462882996
vit_tiny,scorecam,7011-25.jpg,0.37495312094688416,0.8996133804321289
vit_tiny,scorecam,7012-103.jpg,0.9192964434623718,0.25924375653266907
vit_tiny,scorecam,7012-119.jpg,0.8511382341384888,0.8686157464981079
vit_tiny,scorecam,7012-128.jpg,0.1662687361240387,0.7605067491531372
vit_tiny,scorecam,7012-13.jpg,0.6659554243087769,0.28921031951904297
vit_tiny,scorecam,7012-49.jpg,0.9254500269889832,0.23264966905117035
vit_tiny,scorecam,7012-67.jpg,0.9185857772827148,0.25671640038490295
vit_tiny,scorecam,7013-150.jpg,0.900775134563446,0.5388002395629883
vit_tiny,scorecam,7013-184.jpg,0.8748754858970642,0.7793095111846924
vit_tiny,scorecam,7013-81.jpg,0.9186832308769226,0.2633530795574188
vit_tiny,scorecam,7013-99.jpg,0.9019715189933777,0.23220321536064148
vit_tiny,scorecam,7014-222.jpg,0.9397348761558533,0.24828612804412842
vit_tiny,scorecam,7016-136.jpg,0.9114980697631836,0.2455049753189087
vit_tiny,scorecam,7016-204.jpg,0.16714072227478027,0.8139107823371887
vit_tiny,scorecam,7016-65.jpg,0.9428909420967102,0.31671735644340515
vit_tiny,scorecam,7017-130.jpg,0.6228673458099365,0.25167539715766907
resnet18,shap,7001-2.jpg,0.3689613342285156,0.931870698928833
resnet18,shap,7001-26.jpg,0.10386127978563309,0.9137834906578064
resnet18,shap,7002-33.jpg,0.1916007399559021,0.9122583270072937
resnet18,shap,7002-48.jpg,0.4239429831504822,0.9570375084877014
resnet18,shap,7004-143.jpg,0.6859484910964966,0.9075601696968079
resnet18,shap,7004-197.jpg,0.3006329834461212,0.932274341583252
resnet18,shap,7004-92.jpg,0.4423154890537262,0.767896831035614
resnet18,shap,7005-119.jpg,0.5592434406280518,0.9211760759353638
resnet18,shap,7005-78.jpg,0.49359455704689026,0.964599072933197
resnet18,shap,7006-134.jpg,0.31204551458358765,0.9672617316246033
resnet18,shap,7006-154.jpg,0.38329946994781494,0.9584153294563293
resnet18,shap,7006-73.jpg,0.5495038628578186,0.9308869242668152
resnet18,shap,7006-77.jpg,0.47561323642730713,0.9739037156105042
resnet18,shap,7006-96.jpg,0.6532918214797974,0.9542394280433655
resnet18,shap,7007-186.jpg,0.35559579730033875,0.8541673421859741
resnet18,shap,7008-56.jpg,0.43161702156066895,0.9513108730316162
resnet18,shap,7009-114.jpg,0.47033849358558655,0.9775876998901367
resnet18,shap,7009-2.jpg,0.04125264659523964,0.599279522895813
resnet18,shap,7009-202.jpg,0.4355490505695343,0.9336221218109131
resnet18,shap,7009-47.jpg,0.5675265789031982,0.9679055213928223
resnet18,shap,7009-75.jpg,0.2364359349012375,0.9532997608184814
resnet18,shap,7009-95.jpg,0.5790982842445374,0.958625853061676
resnet18,shap,7010-227.jpg,0.43232136964797974,0.936962366104126
resnet18,shap,7010-62.jpg,0.6564530730247498,0.9500592350959778
resnet18,shap,7010-82.jpg,0.559253454208374,0.8807088732719421
mobilenetv3,shap,7001-2.jpg,0.33504587411880493,0.9265341758728027
mobilenetv3,shap,7001-26.jpg,0.09372205287218094,0.8989148139953613
mobilenetv3,shap,7002-33.jpg,0.12234245985746384,0.9511364698410034
mobilenetv3,shap,7002-48.jpg,0.5835241675376892,0.9596320390701294
mobilenetv3,shap,7004-143.jpg,0.3683178424835205,0.9727070927619934
mobilenetv3,shap,7004-197.jpg,0.2615228593349457,0.7407501339912415
mobilenetv3,shap,7004-92.jpg,0.15497900545597076,0.6588470935821533
mobilenetv3,shap,7005-119.jpg,0.43023020029067993,0.963679313659668
mobilenetv3,shap,7005-78.jpg,0.5176150798797607,0.9728536009788513
mobilenetv3,shap,7006-134.jpg,0.3626205027103424,0.96723473072052
mobilenetv3,shap,7006-154.jpg,0.2894633114337921,0.9696899056434631
mobilenetv3,shap,7006-73.jpg,0.4243791401386261,0.9731647372245789
mobilenetv3,shap,7006-77.jpg,0.534934937953949,0.9583139419555664
mobilenetv3,shap,7006-96.jpg,0.46766600012779236,0.9596242308616638
mobilenetv3,shap,7007-186.jpg,0.14537476003170013,0.733985960483551
mobilenetv3,shap,7008-56.jpg,0.5766818523406982,0.9450306296348572
mobilenetv3,shap,7009-114.jpg,0.574889063835144,0.8499192595481873
mobilenetv3,shap,7009-2.jpg,0.06974384933710098,0.5711511969566345
mobilenetv3,shap,7009-202.jpg,0.16794942319393158,0.6047226190567017
mobilenetv3,shap,7009-47.jpg,0.5225670337677002,0.9758628010749817
mobilenetv3,shap,7009-75.jpg,0.5763182640075684,0.9459022283554077
mobilenetv3,shap,7009-95.jpg,0.5348081588745117,0.8752760291099548
mobilenetv3,shap,7010-227.jpg,0.30199337005615234,0.8003454804420471
mobilenetv3,shap,7010-62.jpg,0.33232083916664124,0.9602850675582886
mobilenetv3,shap,7010-82.jpg,0.12564387917518616,0.8939170837402344
