model,method,idx,pointing_hit,energy_inside
resnet18,gradcam++,0,1.0,0.24171163141727448
resnet18,gradcam++,1,0.0,0.09737537801265717
resnet18,gradcam++,2,0.0,0.06128391623497009
resnet18,gradcam++,3,1.0,0.30675989389419556
resnet18,gradcam++,4,1.0,0.3169194757938385
resnet18,gradcam++,5,1.0,0.16874636709690094
resnet18,gradcam++,6,1.0,0.3089694082736969
resnet18,gradcam++,7,0.0,0.27590516209602356
resnet18,gradcam++,8,1.0,0.29714563488960266
resnet18,gradcam++,9,0.0,0.29821348190307617
resnet18,gradcam++,10,1.0,0.30779165029525757
resnet18,gradcam++,11,0.0,0.3415556848049164
resnet18,gradcam++,12,0.0,0.18965046107769012
resnet18,gradcam++,13,1.0,0.20799021422863007
resnet18,gradcam++,14,1.0,0.3263084590435028
resnet18,gradcam++,15,1.0,0.26579397916793823
resnet18,gradcam++,16,0.0,0.29833245277404785
resnet18,gradcam++,17,0.0,0.20215922594070435
resnet18,gradcam++,18,1.0,0.286417156457901
resnet18,gradcam++,19,1.0,0.2518298029899597
resnet18,gradcam++,20,0.0,0.2878476083278656
resnet18,gradcam++,21,0.0,0.12058448046445847
resnet18,gradcam++,22,0.0,0.13376714289188385
resnet18,gradcam++,23,0.0,0.15463370084762573
resnet18,gradcam++,24,0.0,0.07632921636104584
resnet18,gradcam++,25,1.0,0.17510654032230377
resnet18,gradcam++,26,1.0,0.16533850133419037
resnet18,gradcam++,27,1.0,0.2531071603298187
resnet18,gradcam++,28,0.0,0.2305896282196045
resnet18,gradcam++,29,1.0,0.3182767331600189
resnet18,gradcam++,30,0.0,0.2670400142669678
resnet18,gradcam++,31,0.0,0.19532063603401184
resnet18,gradcam++,32,0.0,0.20345956087112427
resnet18,gradcam++,33,1.0,0.18348857760429382
resnet18,gradcam++,34,1.0,0.19686062633991241
resnet18,gradcam++,35,1.0,0.2323603481054306
resnet18,gradcam++,36,0.0,0.4503867030143738
resnet18,gradcam++,37,1.0,0.47531944513320923
resnet18,gradcam++,38,0.0,0.3477422297000885
resnet18,gradcam++,39,1.0,0.32629305124282837
resnet18,gradcam++,40,0.0,0.28271758556365967
resnet18,gradcam++,41,1.0,0.33616888523101807
resnet18,gradcam++,42,1.0,0.4025403559207916
resnet18,gradcam++,43,1.0,0.3999786078929901
resnet18,gradcam++,44,0.0,0.34385475516319275
resnet18,gradcam++,45,1.0,0.271160364151001
resnet18,gradcam++,46,1.0,0.3302547037601471
resnet18,gradcam++,47,0.0,0.31318411231040955
resnet18,gradcam++,48,0.0,0.34951385855674744
resnet18,gradcam++,49,1.0,0.2554938495159149
resnet18,gradcam++,50,0.0,0.31477656960487366
resnet18,gradcam++,51,0.0,0.3521951735019684
resnet18,gradcam++,52,0.0,0.45623859763145447
resnet18,gradcam++,53,1.0,0.3655591905117035
resnet18,gradcam++,54,0.0,0.19848789274692535
resnet18,gradcam++,55,0.0,0.44305703043937683
resnet18,gradcam++,56,0.0,0.36508241295814514
resnet18,gradcam++,57,0.0,0.32131001353263855
resnet18,gradcam++,58,0.0,0.1334633231163025
resnet18,gradcam++,59,1.0,0.33208370208740234
resnet18,gradcam++,60,1.0,0.27937448024749756
resnet18,gradcam++,61,1.0,0.27431538701057434
resnet18,gradcam++,62,1.0,0.27541109919548035
resnet18,gradcam++,63,1.0,0.3040882349014282
resnet18,gradcam++,64,1.0,0.4094286262989044
resnet18,gradcam++,65,1.0,0.3659016489982605
resnet18,gradcam++,66,0.0,0.3521793782711029
resnet18,gradcam++,67,1.0,0.410151869058609
resnet18,gradcam++,68,1.0,0.35687464475631714
resnet18,gradcam++,69,0.0,0.33916905522346497
resnet18,gradcam++,70,0.0,0.3619046211242676
resnet18,gradcam++,71,1.0,0.3664594292640686
resnet18,gradcam++,72,0.0,0.25560933351516724
resnet18,gradcam++,73,1.0,0.3352285623550415
resnet18,gradcam++,74,0.0,0.2136685699224472
resnet18,gradcam++,75,1.0,0.25203263759613037
resnet18,gradcam++,76,0.0,0.30079376697540283
resnet18,gradcam++,77,1.0,0.3519156575202942
resnet18,gradcam++,78,0.0,0.24565063416957855
resnet18,gradcam++,79,0.0,0.3014155924320221
resnet18,gradcam++,80,0.0,0.37236467003822327
resnet18,gradcam++,81,0.0,0.19687746465206146
resnet18,gradcam++,82,1.0,0.2130099982023239
resnet18,gradcam++,83,1.0,0.24850770831108093
resnet18,gradcam++,84,1.0,0.3408346474170685
resnet18,gradcam++,85,1.0,0.35888227820396423
resnet18,gradcam++,86,1.0,0.27419182658195496
resnet18,gradcam++,87,1.0,0.4982309937477112
resnet18,gradcam++,88,1.0,0.2997448742389679
resnet18,gradcam++,89,0.0,0.45966774225234985
resnet18,gradcam++,90,0.0,0.25789159536361694
resnet18,gradcam++,91,1.0,0.30428314208984375
resnet18,gradcam++,92,1.0,0.3758987784385681
resnet18,gradcam++,93,1.0,0.30173900723457336
resnet18,gradcam++,94,1.0,0.3775565028190613
resnet18,gradcam++,95,1.0,0.36591586470603943
resnet18,gradcam++,96,0.0,0.23520730435848236
resnet18,gradcam++,97,1.0,0.23166589438915253
resnet18,gradcam++,98,1.0,0.20952360332012177
resnet18,gradcam++,99,1.0,0.2550528347492218
resnet18,gradcam++,100,0.0,0.21987313032150269
resnet18,gradcam++,101,1.0,0.34877240657806396
resnet18,gradcam++,102,1.0,0.21419855952262878
resnet18,gradcam++,103,1.0,0.3641583025455475
resnet18,gradcam++,104,0.0,0.22541917860507965
resnet18,gradcam++,105,0.0,0.19499090313911438
resnet18,gradcam++,106,1.0,0.25358647108078003
resnet18,gradcam++,107,0.0,0.19029222428798676
resnet18,gradcam++,108,0.0,0.18772636353969574
resnet18,gradcam++,109,0.0,0.19839896261692047
resnet18,gradcam++,110,0.0,0.36107033491134644
resnet18,gradcam++,111,1.0,0.2973019480705261
resnet18,gradcam++,112,1.0,0.3736798167228699
resnet18,gradcam++,113,0.0,0.38612276315689087
resnet18,gradcam++,114,0.0,0.451814740896225
resnet18,gradcam++,115,0.0,0.2960204780101776
resnet18,gradcam++,116,1.0,0.32017743587493896
resnet18,gradcam++,117,1.0,0.4543556869029999
resnet18,gradcam++,118,0.0,0.42713865637779236
resnet18,gradcam++,119,0.0,0.3953511416912079
resnet18,gradcam++,120,0.0,0.1506529152393341
resnet18,gradcam++,121,0.0,0.13488450646400452
resnet18,gradcam++,122,1.0,0.16446344554424286
resnet18,gradcam++,123,0.0,0.31647711992263794
resnet18,gradcam++,124,0.0,0.4350644052028656
resnet18,gradcam++,125,1.0,0.4277789890766144
resnet18,gradcam++,126,1.0,0.3925819993019104
resnet18,gradcam++,127,0.0,0.3328959345817566
resnet18,gradcam++,128,0.0,0.2926395535469055
resnet18,gradcam++,129,1.0,0.29169562458992004
resnet18,gradcam++,130,1.0,0.26872554421424866
resnet18,gradcam++,131,0.0,0.18004994094371796
resnet18,gradcam++,132,0.0,0.302313894033432
resnet18,gradcam++,133,0.0,0.25821372866630554
resnet18,gradcam++,134,0.0,0.3279816806316376
resnet18,gradcam++,135,1.0,0.21797075867652893
resnet18,gradcam++,136,1.0,0.2405710220336914
resnet18,gradcam++,137,1.0,0.24306443333625793
resnet18,gradcam++,138,0.0,0.33520740270614624
resnet18,gradcam++,139,0.0,0.38119494915008545
resnet18,gradcam++,140,1.0,0.34756773710250854
resnet18,gradcam++,141,0.0,0.3225468099117279
resnet18,gradcam++,142,0.0,0.3106529414653778
resnet18,gradcam++,143,1.0,0.3415694236755371
resnet18,gradcam++,144,1.0,0.3539612889289856
resnet18,gradcam++,145,1.0,0.4042642414569855
resnet18,gradcam++,146,1.0,0.335116982460022
resnet18,gradcam++,147,1.0,0.3242742717266083
resnet18,gradcam++,148,1.0,0.2696341276168823
resnet18,gradcam++,149,1.0,0.3335550129413605
resnet18,eigencam,0,1.0,0.30223599076271057
resnet18,eigencam,1,0.0,0.1276373416185379
resnet18,eigencam,2,0.0,0.013499544933438301
resnet18,eigencam,3,1.0,0.38123026490211487
resnet18,eigencam,4,1.0,0.3998763859272003
resnet18,eigencam,5,0.0,0.21755635738372803
resnet18,eigencam,6,1.0,0.3441770672798157
resnet18,eigencam,7,1.0,0.31618937849998474
resnet18,eigencam,8,1.0,0.3617384433746338
resnet18,eigencam,9,0.0,0.3391420841217041
resnet18,eigencam,10,1.0,0.34053540229797363
resnet18,eigencam,11,0.0,0.41120097041130066
resnet18,eigencam,12,0.0,0.2618618607521057
resnet18,eigencam,13,1.0,0.2602367103099823
resnet18,eigencam,14,1.0,0.3860163688659668
resnet18,eigencam,15,0.0,0.31329676508903503
resnet18,eigencam,16,0.0,0.33615195751190186
resnet18,eigencam,17,0.0,0.23908841609954834
resnet18,eigencam,18,1.0,0.3258579671382904
resnet18,eigencam,19,1.0,0.2905104458332062
resnet18,eigencam,20,0.0,0.32946956157684326
resnet18,eigencam,21,0.0,0.17016813158988953
resnet18,eigencam,22,0.0,0.2538699209690094
resnet18,eigencam,23,0.0,0.11961206793785095
resnet18,eigencam,24,0.0,0.0
resnet18,eigencam,25,0.0,0.1673423945903778
resnet18,eigencam,26,0.0,0.1536715030670166
resnet18,eigencam,27,1.0,0.37911027669906616
resnet18,eigencam,28,0.0,0.07447567582130432
resnet18,eigencam,29,0.0,0.07278691232204437
resnet18,eigencam,30,0.0,0.3061254918575287
resnet18,eigencam,31,0.0,0.23516598343849182
resnet18,eigencam,32,1.0,0.23475028574466705
resnet18,eigencam,33,1.0,0.24524863064289093
resnet18,eigencam,34,1.0,0.2434970587491989
resnet18,eigencam,35,1.0,0.2721060514450073
resnet18,eigencam,36,0.0,0.4872863292694092
resnet18,eigencam,37,0.0,0.2833244204521179
resnet18,eigencam,38,0.0,0.4957992434501648
resnet18,eigencam,39,1.0,0.3514113426208496
resnet18,eigencam,40,1.0,0.4090808033943176
resnet18,eigencam,41,0.0,0.06508364528417587
resnet18,eigencam,42,1.0,0.4476644992828369
resnet18,eigencam,43,1.0,0.422687828540802
resnet18,eigencam,44,0.0,0.34271419048309326
resnet18,eigencam,45,1.0,0.29616013169288635
resnet18,eigencam,46,1.0,0.3783568739891052
resnet18,eigencam,47,0.0,0.37181809544563293
resnet18,eigencam,48,0.0,0.40596818923950195
resnet18,eigencam,49,0.0,0.41192638874053955
resnet18,eigencam,50,0.0,0.4245122969150543
resnet18,eigencam,51,0.0,0.3932194411754608
resnet18,eigencam,52,0.0,0.2542862296104431
resnet18,eigencam,53,1.0,0.39560288190841675
resnet18,eigencam,54,0.0,0.22276361286640167
resnet18,eigencam,55,0.0,0.2496664971113205
resnet18,eigencam,56,0.0,0.4122213125228882
resnet18,eigencam,57,0.0,0.3425002694129944
resnet18,eigencam,58,0.0,0.23177963495254517
resnet18,eigencam,59,1.0,0.4863363206386566
resnet18,eigencam,60,0.0,0.013330389745533466
resnet18,eigencam,61,0.0,0.38384249806404114
resnet18,eigencam,62,0.0,0.3861413896083832
resnet18,eigencam,63,1.0,0.49348896741867065
resnet18,eigencam,64,1.0,0.4617757797241211
resnet18,eigencam,65,1.0,0.4025475084781647
resnet18,eigencam,66,0.0,0.39166879653930664
resnet18,eigencam,67,1.0,0.5826311707496643
resnet18,eigencam,68,1.0,0.5297778844833374
resnet18,eigencam,69,0.0,0.3943708837032318
resnet18,eigencam,70,0.0,0.4024028182029724
resnet18,eigencam,71,1.0,0.42113831639289856
resnet18,eigencam,72,1.0,0.3464828431606293
resnet18,eigencam,73,1.0,0.44427502155303955
resnet18,eigencam,74,0.0,0.2782858610153198
resnet18,eigencam,75,1.0,0.4275154769420624
resnet18,eigencam,76,0.0,0.33952945470809937
resnet18,eigencam,77,1.0,0.4388221502304077
resnet18,eigencam,78,0.0,0.2620954215526581
resnet18,eigencam,79,0.0,0.3379027843475342
resnet18,eigencam,80,0.0,0.018741680309176445
resnet18,eigencam,81,0.0,0.24085617065429688
resnet18,eigencam,82,1.0,0.25071975588798523
resnet18,eigencam,83,1.0,0.3216980993747711
resnet18,eigencam,84,1.0,0.3905816078186035
resnet18,eigencam,85,1.0,0.3860880434513092
resnet18,eigencam,86,1.0,0.2834155261516571
resnet18,eigencam,87,1.0,0.5906979441642761
resnet18,eigencam,88,1.0,0.3977905809879303
resnet18,eigencam,89,1.0,0.595088005065918
resnet18,eigencam,90,1.0,0.6807700395584106
resnet18,eigencam,91,1.0,0.726983368396759
resnet18,eigencam,92,1.0,0.7821476459503174
resnet18,eigencam,93,0.0,0.35486066341400146
resnet18,eigencam,94,1.0,0.3937903940677643
resnet18,eigencam,95,1.0,0.39477041363716125
resnet18,eigencam,96,0.0,0.2934976816177368
resnet18,eigencam,97,1.0,0.30103588104248047
resnet18,eigencam,98,1.0,0.2550314664840698
resnet18,eigencam,99,1.0,0.2999645173549652
resnet18,eigencam,100,1.0,0.2563770115375519
resnet18,eigencam,101,1.0,0.3857755661010742
resnet18,eigencam,102,1.0,0.2901712656021118
resnet18,eigencam,103,0.0,0.05116427689790726
resnet18,eigencam,104,0.0,0.26446038484573364
resnet18,eigencam,105,0.0,0.2605532109737396
resnet18,eigencam,106,0.0,0.028074823319911957
resnet18,eigencam,107,0.0,0.17719987034797668
resnet18,eigencam,108,1.0,0.45742374658584595
resnet18,eigencam,109,0.0,0.45991241931915283
resnet18,eigencam,110,0.0,0.5528355836868286
resnet18,eigencam,111,1.0,0.22084736824035645
resnet18,eigencam,112,0.0,0.5627319812774658
resnet18,eigencam,113,1.0,0.6549697518348694
resnet18,eigencam,114,0.0,0.029343923553824425
resnet18,eigencam,115,0.0,0.3542453348636627
resnet18,eigencam,116,1.0,0.6931460499763489
resnet18,eigencam,117,0.0,0.41840025782585144
resnet18,eigencam,118,1.0,0.5997381210327148
resnet18,eigencam,119,1.0,0.5974635481834412
resnet18,eigencam,120,1.0,0.22931143641471863
resnet18,eigencam,121,1.0,0.2679917812347412
resnet18,eigencam,122,0.0,0.2398400455713272
resnet18,eigencam,123,1.0,0.6065866947174072
resnet18,eigencam,124,1.0,0.39681366086006165
resnet18,eigencam,125,1.0,0.48100629448890686
resnet18,eigencam,126,1.0,0.42260488867759705
resnet18,eigencam,127,0.0,0.4293612837791443
resnet18,eigencam,128,0.0,0.27931493520736694
resnet18,eigencam,129,1.0,0.4995502531528473
resnet18,eigencam,130,1.0,0.45029744505882263
resnet18,eigencam,131,1.0,0.2955329418182373
resnet18,eigencam,132,0.0,3.0586747016059235e-05
resnet18,eigencam,133,0.0,0.3036389648914337
resnet18,eigencam,134,0.0,0.01208216417580843
resnet18,eigencam,135,1.0,0.24338063597679138
resnet18,eigencam,136,1.0,0.31325557827949524
resnet18,eigencam,137,1.0,0.27830010652542114
resnet18,eigencam,138,0.0,0.37822577357292175
resnet18,eigencam,139,0.0,0.43375685811042786
resnet18,eigencam,140,1.0,0.3887220025062561
resnet18,eigencam,141,0.0,0.3523697555065155
resnet18,eigencam,142,0.0,0.3488907516002655
resnet18,eigencam,143,1.0,0.36425769329071045
resnet18,eigencam,144,1.0,0.41331207752227783
resnet18,eigencam,145,1.0,0.4880043566226959
resnet18,eigencam,146,1.0,0.43303486704826355
resnet18,eigencam,147,0.0,0.3638147711753845
resnet18,eigencam,148,1.0,0.3474447727203369
resnet18,eigencam,149,0.0,0.3736148774623871
resnet18,scorecam,0,1.0,0.24745075404644012
resnet18,scorecam,1,0.0,0.10612063854932785
resnet18,scorecam,2,0.0,0.044001348316669464
resnet18,scorecam,3,1.0,0.3026696741580963
resnet18,scorecam,4,1.0,0.31029990315437317
resnet18,scorecam,5,0.0,0.209520623087883
resnet18,scorecam,6,1.0,0.30521467328071594
resnet18,scorecam,7,0.0,0.2668114900588989
resnet18,scorecam,8,1.0,0.2780172824859619
resnet18,scorecam,9,0.0,0.28993210196495056
resnet18,scorecam,10,1.0,0.2973877787590027
resnet18,scorecam,11,0.0,0.3393387198448181
resnet18,scorecam,12,0.0,0.18687623739242554
resnet18,scorecam,13,1.0,0.21607226133346558
resnet18,scorecam,14,1.0,0.3340127468109131
resnet18,scorecam,15,1.0,0.26974722743034363
resnet18,scorecam,16,0.0,0.27270442247390747
resnet18,scorecam,17,0.0,0.19947251677513123
resnet18,scorecam,18,1.0,0.2502613961696625
resnet18,scorecam,19,1.0,0.24364426732063293
resnet18,scorecam,20,0.0,0.28044575452804565
resnet18,scorecam,21,0.0,0.17464664578437805
resnet18,scorecam,22,0.0,0.16770386695861816
resnet18,scorecam,23,0.0,0.17599883675575256
resnet18,scorecam,24,0.0,0.09572045505046844
resnet18,scorecam,25,1.0,0.1588505208492279
resnet18,scorecam,26,1.0,0.16425009071826935
resnet18,scorecam,27,1.0,0.22610022127628326
resnet18,scorecam,28,0.0,0.23087918758392334
resnet18,scorecam,29,1.0,0.24746623635292053
resnet18,scorecam,30,0.0,0.2566259205341339
resnet18,scorecam,31,0.0,0.17635414004325867
resnet18,scorecam,32,1.0,0.2053011804819107
resnet18,scorecam,33,1.0,0.19144101440906525
resnet18,scorecam,34,1.0,0.18512913584709167
resnet18,scorecam,35,1.0,0.2306237816810608
resnet18,scorecam,36,0.0,0.43627268075942993
resnet18,scorecam,37,0.0,0.35889092087745667
resnet18,scorecam,38,0.0,0.2806382477283478
resnet18,scorecam,39,1.0,0.32107219099998474
resnet18,scorecam,40,0.0,0.2541775405406952
resnet18,scorecam,41,1.0,0.3156713545322418
resnet18,scorecam,42,1.0,0.37450799345970154
resnet18,scorecam,43,1.0,0.40511199831962585
resnet18,scorecam,44,0.0,0.35207441449165344
resnet18,scorecam,45,1.0,0.2827122211456299
resnet18,scorecam,46,1.0,0.32939133048057556
resnet18,scorecam,47,0.0,0.3306296169757843
resnet18,scorecam,48,0.0,0.3563767969608307
resnet18,scorecam,49,0.0,0.39251771569252014
mobilenetv3,gradcam++,0,1.0,0.34037262201309204
mobilenetv3,gradcam++,1,0.0,0.22062239050865173
mobilenetv3,gradcam++,2,0.0,0.2796909511089325
mobilenetv3,gradcam++,3,1.0,0.39088764786720276
mobilenetv3,gradcam++,4,1.0,0.3844243586063385
mobilenetv3,gradcam++,5,1.0,0.3190508782863617
mobilenetv3,gradcam++,6,0.0,0.4027804136276245
mobilenetv3,gradcam++,7,1.0,0.35251879692077637
mobilenetv3,gradcam++,8,0.0,0.3809627592563629
mobilenetv3,gradcam++,9,1.0,0.3754761815071106
mobilenetv3,gradcam++,10,1.0,0.3662456274032593
mobilenetv3,gradcam++,11,0.0,0.3705649673938751
mobilenetv3,gradcam++,12,1.0,0.3342325985431671
mobilenetv3,gradcam++,13,1.0,0.3074590265750885
mobilenetv3,gradcam++,14,1.0,0.38551363348960876
mobilenetv3,gradcam++,15,1.0,0.3324357569217682
mobilenetv3,gradcam++,16,1.0,0.31687214970588684
mobilenetv3,gradcam++,17,1.0,0.28937265276908875
mobilenetv3,gradcam++,18,1.0,0.29603639245033264
mobilenetv3,gradcam++,19,0.0,0.2801041901111603
mobilenetv3,gradcam++,20,1.0,0.3109387159347534
mobilenetv3,gradcam++,21,0.0,0.16819430887699127
mobilenetv3,gradcam++,22,0.0,0.2004300057888031
mobilenetv3,gradcam++,23,0.0,0.18866048753261566
mobilenetv3,gradcam++,24,1.0,0.18765789270401
mobilenetv3,gradcam++,25,1.0,0.2245757281780243
mobilenetv3,gradcam++,26,0.0,0.1750275045633316
mobilenetv3,gradcam++,27,1.0,0.4552665054798126
mobilenetv3,gradcam++,28,0.0,0.3077198266983032
mobilenetv3,gradcam++,29,1.0,0.49075257778167725
mobilenetv3,gradcam++,30,1.0,0.3312901556491852
mobilenetv3,gradcam++,31,1.0,0.24206098914146423
mobilenetv3,gradcam++,32,1.0,0.30013954639434814
mobilenetv3,gradcam++,33,1.0,0.27239468693733215
mobilenetv3,gradcam++,34,1.0,0.2789866626262665
mobilenetv3,gradcam++,35,1.0,0.3350018560886383
mobilenetv3,gradcam++,36,0.0,0.49889227747917175
mobilenetv3,gradcam++,37,1.0,0.5453713536262512
mobilenetv3,gradcam++,38,0.0,0.36488211154937744
mobilenetv3,gradcam++,39,1.0,0.3649812936782837
mobilenetv3,gradcam++,40,1.0,0.3724139630794525
mobilenetv3,gradcam++,41,1.0,0.40777280926704407
mobilenetv3,gradcam++,42,0.0,0.39422982931137085
mobilenetv3,gradcam++,43,1.0,0.5141633749008179
mobilenetv3,gradcam++,44,0.0,0.5225952863693237
mobilenetv3,gradcam++,45,0.0,0.4276614785194397
mobilenetv3,gradcam++,46,0.0,0.4322948753833771
mobilenetv3,gradcam++,47,1.0,0.46533793210983276
mobilenetv3,gradcam++,48,0.0,0.46412256360054016
mobilenetv3,gradcam++,49,0.0,0.4935498833656311
mobilenetv3,gradcam++,50,0.0,0.476583331823349
mobilenetv3,gradcam++,51,1.0,0.4214845597743988
mobilenetv3,gradcam++,52,1.0,0.518261730670929
mobilenetv3,gradcam++,53,0.0,0.4483804404735565
mobilenetv3,gradcam++,54,1.0,0.3196873068809509
mobilenetv3,gradcam++,55,1.0,0.5274720191955566
mobilenetv3,gradcam++,56,1.0,0.3949355483055115
mobilenetv3,gradcam++,57,0.0,0.3464336395263672
mobilenetv3,gradcam++,58,0.0,0.3621993958950043
mobilenetv3,gradcam++,59,0.0,0.27556508779525757
mobilenetv3,gradcam++,60,1.0,0.3117724359035492
mobilenetv3,gradcam++,61,1.0,0.5584720373153687
mobilenetv3,gradcam++,62,1.0,0.557431161403656
mobilenetv3,gradcam++,63,1.0,0.43230143189430237
mobilenetv3,gradcam++,64,1.0,0.40246766805648804
mobilenetv3,gradcam++,65,0.0,0.30178922414779663
mobilenetv3,gradcam++,66,1.0,0.44418570399284363
mobilenetv3,gradcam++,67,1.0,0.3329087495803833
mobilenetv3,gradcam++,68,0.0,0.4415633976459503
mobilenetv3,gradcam++,69,1.0,0.4458797574043274
mobilenetv3,gradcam++,70,1.0,0.44541317224502563
mobilenetv3,gradcam++,71,1.0,0.37108728289604187
mobilenetv3,gradcam++,72,0.0,0.32459837198257446
mobilenetv3,gradcam++,73,1.0,0.3153012990951538
mobilenetv3,gradcam++,74,0.0,0.32851558923721313
mobilenetv3,gradcam++,75,1.0,0.3167612552642822
mobilenetv3,gradcam++,76,0.0,0.32739901542663574
mobilenetv3,gradcam++,77,1.0,0.3090704381465912
mobilenetv3,gradcam++,78,0.0,0.30146461725234985
mobilenetv3,gradcam++,79,1.0,0.3657228350639343
mobilenetv3,gradcam++,80,0.0,0.45280924439430237
mobilenetv3,gradcam++,81,1.0,0.2946663796901703
mobilenetv3,gradcam++,82,1.0,0.36120668053627014
mobilenetv3,gradcam++,83,1.0,0.36722686886787415
mobilenetv3,gradcam++,84,1.0,0.3908533453941345
mobilenetv3,gradcam++,85,1.0,0.4542129635810852
mobilenetv3,gradcam++,86,1.0,0.5101503133773804
mobilenetv3,gradcam++,87,1.0,0.49255380034446716
mobilenetv3,gradcam++,88,1.0,0.4258660674095154
mobilenetv3,gradcam++,89,1.0,0.42819634079933167
mobilenetv3,gradcam++,90,0.0,0.5601869821548462
mobilenetv3,gradcam++,91,1.0,0.6376174092292786
mobilenetv3,gradcam++,92,1.0,0.7550051212310791
mobilenetv3,gradcam++,93,1.0,0.3758254647254944
mobilenetv3,gradcam++,94,0.0,0.5205987691879272
mobilenetv3,gradcam++,95,1.0,0.5289943218231201
mobilenetv3,gradcam++,96,0.0,0.22661961615085602
mobilenetv3,gradcam++,97,0.0,0.21906550228595734
mobilenetv3,gradcam++,98,0.0,0.17805267870426178
mobilenetv3,gradcam++,99,1.0,0.2721756398677826
mobilenetv3,gradcam++,100,1.0,0.28378838300704956
mobilenetv3,gradcam++,101,1.0,0.3436548709869385
mobilenetv3,gradcam++,102,0.0,0.25707730650901794
mobilenetv3,gradcam++,103,1.0,0.3577381670475006
mobilenetv3,gradcam++,104,1.0,0.2696900963783264
mobilenetv3,gradcam++,105,0.0,0.20327305793762207
mobilenetv3,gradcam++,106,0.0,0.35805997252464294
mobilenetv3,gradcam++,107,0.0,0.363068550825119
mobilenetv3,gradcam++,108,0.0,0.46213632822036743
mobilenetv3,gradcam++,109,0.0,0.4434039890766144
mobilenetv3,gradcam++,110,0.0,0.507779061794281
mobilenetv3,gradcam++,111,1.0,0.5605567097663879
mobilenetv3,gradcam++,112,1.0,0.5713844895362854
mobilenetv3,gradcam++,113,1.0,0.5142049789428711
mobilenetv3,gradcam++,114,1.0,0.6402091383934021
mobilenetv3,gradcam++,115,1.0,0.6236408352851868
mobilenetv3,gradcam++,116,1.0,0.5767823457717896
mobilenetv3,gradcam++,117,1.0,0.703914225101471
mobilenetv3,gradcam++,118,1.0,0.5822372436523438
mobilenetv3,gradcam++,119,1.0,0.7721052765846252
mobilenetv3,gradcam++,120,0.0,0.2714332044124603
mobilenetv3,gradcam++,121,1.0,0.2958126962184906
mobilenetv3,gradcam++,122,1.0,0.29195767641067505
mobilenetv3,gradcam++,123,1.0,0.5469909906387329
mobilenetv3,gradcam++,124,1.0,0.7770906686782837
mobilenetv3,gradcam++,125,1.0,0.6931943893432617
mobilenetv3,gradcam++,126,1.0,0.591360330581665
mobilenetv3,gradcam++,127,1.0,0.6223161220550537
mobilenetv3,gradcam++,128,1.0,0.6215497255325317
mobilenetv3,gradcam++,129,1.0,0.4506179094314575
mobilenetv3,gradcam++,130,1.0,0.3604273498058319
mobilenetv3,gradcam++,131,1.0,0.35589513182640076
mobilenetv3,gradcam++,132,1.0,0.62835294008255
mobilenetv3,gradcam++,133,1.0,0.4126126766204834
mobilenetv3,gradcam++,134,1.0,0.6358345746994019
mobilenetv3,gradcam++,135,1.0,0.2892206609249115
mobilenetv3,gradcam++,136,0.0,0.15106241405010223
mobilenetv3,gradcam++,137,1.0,0.28799358010292053
mobilenetv3,gradcam++,138,0.0,0.4361332952976227
mobilenetv3,gradcam++,139,0.0,0.4427735209465027
mobilenetv3,gradcam++,140,1.0,0.45215630531311035
mobilenetv3,gradcam++,141,0.0,0.4143529236316681
mobilenetv3,gradcam++,142,1.0,0.41110774874687195
mobilenetv3,gradcam++,143,0.0,0.40356209874153137
mobilenetv3,gradcam++,144,1.0,0.3848506808280945
mobilenetv3,gradcam++,145,1.0,0.47038426995277405
mobilenetv3,gradcam++,146,1.0,0.46043941378593445
mobilenetv3,gradcam++,147,1.0,0.378069132566452
mobilenetv3,gradcam++,148,1.0,0.37651127576828003
mobilenetv3,gradcam++,149,1.0,0.37805286049842834
mobilenetv3,eigencam,0,1.0,0.4351121187210083
mobilenetv3,eigencam,1,0.0,0.004861060529947281
mobilenetv3,eigencam,2,0.0,0.43882548809051514
mobilenetv3,eigencam,3,1.0,0.4618467688560486
mobilenetv3,eigencam,4,1.0,0.47747084498405457
mobilenetv3,eigencam,5,1.0,0.41237151622772217
mobilenetv3,eigencam,6,0.0,0.5148572325706482
mobilenetv3,eigencam,7,1.0,0.45775914192199707
mobilenetv3,eigencam,8,0.0,0.5149040818214417
mobilenetv3,eigencam,9,0.0,0.09478388726711273
mobilenetv3,eigencam,10,0.0,0.13032180070877075
mobilenetv3,eigencam,11,0.0,0.4436016380786896
mobilenetv3,eigencam,12,1.0,0.4941112995147705
mobilenetv3,eigencam,13,1.0,0.4390011131763458
mobilenetv3,eigencam,14,1.0,0.46669429540634155
mobilenetv3,eigencam,15,1.0,0.4564654529094696
mobilenetv3,eigencam,16,1.0,0.4215279817581177
mobilenetv3,eigencam,17,1.0,0.38918259739875793
mobilenetv3,eigencam,18,1.0,0.3935058116912842
mobilenetv3,eigencam,19,0.0,0.36507758498191833
mobilenetv3,eigencam,20,1.0,0.401406466960907
mobilenetv3,eigencam,21,0.0,0.24336132407188416
mobilenetv3,eigencam,22,0.0,0.31593644618988037
mobilenetv3,eigencam,23,1.0,0.33722159266471863
mobilenetv3,eigencam,24,1.0,0.35303235054016113
mobilenetv3,eigencam,25,1.0,0.26536956429481506
mobilenetv3,eigencam,26,1.0,0.34723496437072754
mobilenetv3,eigencam,27,1.0,0.5256812572479248
mobilenetv3,eigencam,28,0.0,0.009265833534300327
mobilenetv3,eigencam,29,0.0,0.013373768888413906
mobilenetv3,eigencam,30,1.0,0.3949049413204193
mobilenetv3,eigencam,31,1.0,0.35690855979919434
mobilenetv3,eigencam,32,1.0,0.37176841497421265
mobilenetv3,eigencam,33,1.0,0.36433088779449463
mobilenetv3,eigencam,34,1.0,0.3958359658718109
mobilenetv3,eigencam,35,1.0,0.4244254231452942
mobilenetv3,eigencam,36,0.0,0.26880019903182983
mobilenetv3,eigencam,37,0.0,0.07063911110162735
mobilenetv3,eigencam,38,1.0,0.39243781566619873
mobilenetv3,eigencam,39,1.0,0.5618038773536682
mobilenetv3,eigencam,40,1.0,0.4721777141094208
mobilenetv3,eigencam,41,0.0,0.017619827762246132
mobilenetv3,eigencam,42,0.0,0.09105539321899414
mobilenetv3,eigencam,43,1.0,0.5766364932060242
mobilenetv3,eigencam,44,0.0,0.15309759974479675
mobilenetv3,eigencam,45,0.0,0.0011218666331842542
mobilenetv3,eigencam,46,0.0,0.05331384390592575
mobilenetv3,eigencam,47,0.0,0.05026021599769592
mobilenetv3,eigencam,48,0.0,0.5033674240112305
mobilenetv3,eigencam,49,0.0,0.07848573476076126
mobilenetv3,eigencam,50,0.0,0.5249075293540955
mobilenetv3,eigencam,51,1.0,0.5171048045158386
mobilenetv3,eigencam,52,0.0,0.12084058672189713
mobilenetv3,eigencam,53,0.0,0.5229157209396362
mobilenetv3,eigencam,54,0.0,0.019656317308545113
mobilenetv3,eigencam,55,0.0,0.1405443698167801
mobilenetv3,eigencam,56,1.0,0.5479553937911987
mobilenetv3,eigencam,57,0.0,0.4513624310493469
mobilenetv3,eigencam,58,0.0,0.07066566497087479
mobilenetv3,eigencam,59,1.0,0.556251049041748
mobilenetv3,eigencam,60,1.0,0.5457727909088135
mobilenetv3,eigencam,61,1.0,0.6980896592140198
mobilenetv3,eigencam,62,1.0,0.6792685985565186
mobilenetv3,eigencam,63,1.0,0.6203587651252747
mobilenetv3,eigencam,64,1.0,0.6101531386375427
mobilenetv3,eigencam,65,1.0,0.5645732283592224
mobilenetv3,eigencam,66,0.0,0.010199091397225857
mobilenetv3,eigencam,67,1.0,0.6217596530914307
mobilenetv3,eigencam,68,1.0,0.7054974436759949
mobilenetv3,eigencam,69,1.0,0.6152255535125732
mobilenetv3,eigencam,70,1.0,0.6032248139381409
mobilenetv3,eigencam,71,1.0,0.5312177538871765
mobilenetv3,eigencam,72,1.0,0.549248218536377
mobilenetv3,eigencam,73,0.0,0.546686589717865
mobilenetv3,eigencam,74,0.0,0.0036675995215773582
mobilenetv3,eigencam,75,1.0,0.5334411859512329
mobilenetv3,eigencam,76,1.0,0.45638564229011536
mobilenetv3,eigencam,77,1.0,0.5552285313606262
mobilenetv3,eigencam,78,0.0,0.013776893727481365
mobilenetv3,eigencam,79,1.0,0.562123715877533
mobilenetv3,eigencam,80,0.0,0.0019629329908639193
mobilenetv3,eigencam,81,1.0,0.3444634974002838
mobilenetv3,eigencam,82,1.0,0.4115220010280609
mobilenetv3,eigencam,83,1.0,0.42777833342552185
mobilenetv3,eigencam,84,1.0,0.479227215051651
mobilenetv3,eigencam,85,1.0,0.5812978148460388
mobilenetv3,eigencam,86,1.0,0.6049418449401855
mobilenetv3,eigencam,87,1.0,0.7219759225845337
mobilenetv3,eigencam,88,1.0,0.6280445456504822
mobilenetv3,eigencam,89,0.0,0.724099338054657
mobilenetv3,eigencam,90,1.0,0.784584641456604
mobilenetv3,eigencam,91,1.0,0.8512297868728638
mobilenetv3,eigencam,92,1.0,0.8821312189102173
mobilenetv3,eigencam,93,0.0,0.015010222792625427
mobilenetv3,eigencam,94,1.0,0.7603763341903687
mobilenetv3,eigencam,95,1.0,0.7203387022018433
mobilenetv3,eigencam,96,0.0,0.324908971786499
mobilenetv3,eigencam,97,0.0,0.3236415982246399
mobilenetv3,eigencam,98,0.0,0.2295791059732437
mobilenetv3,eigencam,99,1.0,0.4232761859893799
mobilenetv3,eigencam,100,1.0,0.39493894577026367
mobilenetv3,eigencam,101,1.0,0.4793315529823303
mobilenetv3,eigencam,102,0.0,0.40370360016822815
mobilenetv3,eigencam,103,0.0,0.030116325244307518
mobilenetv3,eigencam,104,0.0,0.0061329687014222145
mobilenetv3,eigencam,105,0.0,0.29807353019714355
mobilenetv3,eigencam,106,0.0,0.007513710297644138
mobilenetv3,eigencam,107,0.0,0.004960807505995035
mobilenetv3,eigencam,108,1.0,0.8212978839874268
mobilenetv3,eigencam,109,1.0,0.8360361456871033
mobilenetv3,eigencam,110,0.0,0.03392873331904411
mobilenetv3,eigencam,111,1.0,0.927547037601471
mobilenetv3,eigencam,112,1.0,0.90569669008255
mobilenetv3,eigencam,113,0.0,0.021003779023885727
mobilenetv3,eigencam,114,1.0,0.9220978617668152
mobilenetv3,eigencam,115,1.0,0.9034464359283447
mobilenetv3,eigencam,116,1.0,0.9196199178695679
mobilenetv3,eigencam,117,1.0,0.9004889726638794
mobilenetv3,eigencam,118,1.0,0.9320862889289856
mobilenetv3,eigencam,119,1.0,0.9442610740661621
mobilenetv3,eigencam,120,0.0,0.4537155330181122
mobilenetv3,eigencam,121,1.0,0.4081674814224243
mobilenetv3,eigencam,122,1.0,0.4015369415283203
mobilenetv3,eigencam,123,1.0,0.8558017611503601
mobilenetv3,eigencam,124,1.0,0.8704060316085815
mobilenetv3,eigencam,125,1.0,0.8531681895256042
mobilenetv3,eigencam,126,1.0,0.860325276851654
mobilenetv3,eigencam,127,1.0,0.8833292126655579
mobilenetv3,eigencam,128,1.0,0.8680629134178162
mobilenetv3,eigencam,129,0.0,0.02407066710293293
mobilenetv3,eigencam,130,1.0,0.6433529257774353
mobilenetv3,eigencam,131,1.0,0.5511845946311951
mobilenetv3,eigencam,132,0.0,0.00577156525105238
mobilenetv3,eigencam,133,0.0,0.013384567573666573
mobilenetv3,eigencam,134,1.0,0.8312729001045227
mobilenetv3,eigencam,135,1.0,0.3906427323818207
mobilenetv3,eigencam,136,0.0,0.08354095369577408
mobilenetv3,eigencam,137,0.0,0.0033658379688858986
mobilenetv3,eigencam,138,0.0,0.5263112783432007
mobilenetv3,eigencam,139,0.0,0.519488513469696
mobilenetv3,eigencam,140,0.0,0.520601749420166
mobilenetv3,eigencam,141,0.0,0.48659548163414
mobilenetv3,eigencam,142,1.0,0.48671475052833557
mobilenetv3,eigencam,143,0.0,0.4899452030658722
mobilenetv3,eigencam,144,1.0,0.48487573862075806
mobilenetv3,eigencam,145,1.0,0.5569654703140259
mobilenetv3,eigencam,146,1.0,0.5600934624671936
mobilenetv3,eigencam,147,1.0,0.4158579409122467
mobilenetv3,eigencam,148,1.0,0.4247010052204132
mobilenetv3,eigencam,149,0.0,0.42395710945129395
mobilenetv3,scorecam,0,1.0,0.30373862385749817
mobilenetv3,scorecam,1,0.0,0.21085470914840698
mobilenetv3,scorecam,2,0.0,0.2571101188659668
mobilenetv3,scorecam,3,1.0,0.3999823033809662
mobilenetv3,scorecam,4,1.0,0.40650054812431335
mobilenetv3,scorecam,5,1.0,0.2756930887699127
mobilenetv3,scorecam,6,1.0,0.3963718116283417
mobilenetv3,scorecam,7,1.0,0.36532294750213623
mobilenetv3,scorecam,8,0.0,0.32897332310676575
mobilenetv3,scorecam,9,1.0,0.39298176765441895
mobilenetv3,scorecam,10,1.0,0.3751643896102905
mobilenetv3,scorecam,11,0.0,0.3707561790943146
mobilenetv3,scorecam,12,1.0,0.25857657194137573
mobilenetv3,scorecam,13,1.0,0.2840937077999115
mobilenetv3,scorecam,14,1.0,0.3561180531978607
mobilenetv3,scorecam,15,1.0,0.3830188512802124
mobilenetv3,scorecam,16,1.0,0.29894405603408813
mobilenetv3,scorecam,17,1.0,0.30530694127082825
mobilenetv3,scorecam,18,1.0,0.2848346531391144
mobilenetv3,scorecam,19,0.0,0.28362753987312317
mobilenetv3,scorecam,20,1.0,0.2720414698123932
mobilenetv3,scorecam,21,0.0,0.13354800641536713
mobilenetv3,scorecam,22,0.0,0.15426933765411377
mobilenetv3,scorecam,23,0.0,0.17414391040802002
mobilenetv3,scorecam,24,0.0,0.1317444145679474
mobilenetv3,scorecam,25,0.0,0.18274930119514465
mobilenetv3,scorecam,26,0.0,0.11456848680973053
mobilenetv3,scorecam,27,1.0,0.37504538893699646
mobilenetv3,scorecam,28,0.0,0.2764991223812103
mobilenetv3,scorecam,29,1.0,0.42504605650901794
mobilenetv3,scorecam,30,1.0,0.31009116768836975
mobilenetv3,scorecam,31,1.0,0.230439230799675
mobilenetv3,scorecam,32,1.0,0.29028844833374023
mobilenetv3,scorecam,33,1.0,0.2534657418727875
mobilenetv3,scorecam,34,0.0,0.26413047313690186
mobilenetv3,scorecam,35,1.0,0.2528095543384552
mobilenetv3,scorecam,36,0.0,0.4650782644748688
mobilenetv3,scorecam,37,1.0,0.5035610795021057
mobilenetv3,scorecam,38,0.0,0.24820302426815033
mobilenetv3,scorecam,39,0.0,0.279718816280365
mobilenetv3,scorecam,40,1.0,0.32221096754074097
mobilenetv3,scorecam,41,0.0,0.37191465497016907
mobilenetv3,scorecam,42,0.0,0.37682217359542847
mobilenetv3,scorecam,43,1.0,0.46709251403808594
mobilenetv3,scorecam,44,0.0,0.517653226852417
mobilenetv3,scorecam,45,0.0,0.43068885803222656
mobilenetv3,scorecam,46,0.0,0.42119720578193665
mobilenetv3,scorecam,47,0.0,0.44493481516838074
mobilenetv3,scorecam,48,0.0,0.4022143483161926
mobilenetv3,scorecam,49,1.0,0.43960654735565186
vit_tiny,gradcam++,0,0.0,0.030539244413375854
vit_tiny,gradcam++,1,1.0,0.627270519733429
vit_tiny,gradcam++,2,1.0,0.7717806100845337
vit_tiny,gradcam++,3,0.0,0.20845282077789307
vit_tiny,gradcam++,4,0.0,0.5337418913841248
vit_tiny,gradcam++,5,0.0,0.05998377501964569
vit_tiny,gradcam++,6,0.0,0.11631200462579727
vit_tiny,gradcam++,7,0.0,0.5453128218650818
vit_tiny,gradcam++,8,0.0,0.22422407567501068
vit_tiny,gradcam++,9,0.0,0.06174442917108536
vit_tiny,gradcam++,10,0.0,0.2828575074672699
vit_tiny,gradcam++,11,0.0,0.0675022155046463
vit_tiny,gradcam++,12,1.0,0.1958504468202591
vit_tiny,gradcam++,13,1.0,0.5315896272659302
vit_tiny,gradcam++,14,0.0,0.3644150197505951
vit_tiny,gradcam++,15,1.0,0.5247817039489746
vit_tiny,gradcam++,16,0.0,0.4021700322628021
vit_tiny,gradcam++,17,0.0,0.08765789866447449
vit_tiny,gradcam++,18,1.0,0.5218487977981567
vit_tiny,gradcam++,19,1.0,0.22943584620952606
vit_tiny,gradcam++,20,0.0,0.044824760407209396
vit_tiny,gradcam++,21,1.0,0.42139726877212524
vit_tiny,gradcam++,22,0.0,0.006617678329348564
vit_tiny,gradcam++,23,0.0,0.0716591402888298
vit_tiny,gradcam++,24,0.0,0.1267581433057785
vit_tiny,gradcam++,25,1.0,0.6362148523330688
vit_tiny,gradcam++,26,0.0,0.20927029848098755
vit_tiny,gradcam++,27,0.0,0.048291243612766266
vit_tiny,gradcam++,28,0.0,0.08254266530275345
vit_tiny,gradcam++,29,0.0,0.290688693523407
vit_tiny,gradcam++,30,0.0,0.0
vit_tiny,gradcam++,31,0.0,0.027235332876443863
vit_tiny,gradcam++,32,0.0,0.22321996092796326
vit_tiny,gradcam++,33,0.0,0.10838198661804199
vit_tiny,gradcam++,34,0.0,0.06029896065592766
vit_tiny,gradcam++,35,0.0,0.12973709404468536
vit_tiny,gradcam++,36,1.0,0.8107470273971558
vit_tiny,gradcam++,37,1.0,0.7899791598320007
vit_tiny,gradcam++,38,1.0,0.5959217548370361
vit_tiny,gradcam++,39,0.0,0.0915696993470192
vit_tiny,gradcam++,40,0.0,0.14348383247852325
vit_tiny,gradcam++,41,1.0,0.2833211123943329
vit_tiny,gradcam++,42,1.0,0.5346181392669678
vit_tiny,gradcam++,43,1.0,0.7026497721672058
vit_tiny,gradcam++,44,1.0,0.824679434299469
vit_tiny,gradcam++,45,0.0,0.5493197441101074
vit_tiny,gradcam++,46,0.0,0.21477480232715607
vit_tiny,gradcam++,47,0.0,0.23255084455013275
vit_tiny,gradcam++,48,0.0,0.25255924463272095
vit_tiny,gradcam++,49,1.0,0.6948131918907166
vit_tiny,gradcam++,50,0.0,0.11469491571187973
vit_tiny,gradcam++,51,0.0,0.23203645646572113
vit_tiny,gradcam++,52,1.0,0.6291348934173584
vit_tiny,gradcam++,53,1.0,0.535886287689209
vit_tiny,gradcam++,54,1.0,0.33127832412719727
vit_tiny,gradcam++,55,1.0,0.38597896695137024
vit_tiny,gradcam++,56,0.0,0.41293835639953613
vit_tiny,gradcam++,57,1.0,0.5589083433151245
vit_tiny,gradcam++,58,1.0,0.5319047570228577
vit_tiny,gradcam++,59,0.0,0.2210138589143753
vit_tiny,gradcam++,60,0.0,0.2835506200790405
vit_tiny,gradcam++,61,1.0,0.6970531940460205
vit_tiny,gradcam++,62,1.0,0.4149739742279053
vit_tiny,gradcam++,63,1.0,0.706983745098114
vit_tiny,gradcam++,64,1.0,0.26574939489364624
vit_tiny,gradcam++,65,0.0,0.07188870012760162
vit_tiny,gradcam++,66,0.0,0.09364116936922073
vit_tiny,gradcam++,67,1.0,0.8087911605834961
vit_tiny,gradcam++,68,1.0,0.6736227869987488
vit_tiny,gradcam++,69,0.0,0.5425384044647217
vit_tiny,gradcam++,70,0.0,0.04072030261158943
vit_tiny,gradcam++,71,0.0,0.06404431164264679
vit_tiny,gradcam++,72,1.0,0.36640793085098267
vit_tiny,gradcam++,73,1.0,0.3617282509803772
vit_tiny,gradcam++,74,0.0,0.03435041755437851
vit_tiny,gradcam++,75,0.0,0.09282509982585907
vit_tiny,gradcam++,76,1.0,0.5965961813926697
vit_tiny,gradcam++,77,1.0,0.6181739568710327
vit_tiny,gradcam++,78,0.0,0.05734531581401825
vit_tiny,gradcam++,79,0.0,0.09751104563474655
vit_tiny,gradcam++,80,1.0,0.6787431836128235
vit_tiny,gradcam++,81,0.0,0.2776809334754944
vit_tiny,gradcam++,82,0.0,0.02011135034263134
vit_tiny,gradcam++,83,0.0,0.07849926501512527
vit_tiny,gradcam++,84,0.0,0.049233075231313705
vit_tiny,gradcam++,85,0.0,0.1895139068365097
vit_tiny,gradcam++,86,0.0,0.06008707731962204
vit_tiny,gradcam++,87,0.0,0.46296215057373047
vit_tiny,gradcam++,88,1.0,0.2089809626340866
vit_tiny,gradcam++,89,1.0,0.3647341728210449
vit_tiny,gradcam++,90,0.0,0.13143552839756012
vit_tiny,gradcam++,91,1.0,0.5608185529708862
vit_tiny,gradcam++,92,1.0,0.796191394329071
vit_tiny,gradcam++,93,1.0,0.5947198867797852
vit_tiny,gradcam++,94,0.0,0.3730968236923218
vit_tiny,gradcam++,95,0.0,0.1339283138513565
vit_tiny,gradcam++,96,0.0,0.043234437704086304
vit_tiny,gradcam++,97,0.0,0.051715411245822906
vit_tiny,gradcam++,98,0.0,0.1202409639954567
vit_tiny,gradcam++,99,1.0,0.42789727449417114
vit_tiny,gradcam++,100,0.0,0.42411109805107117
vit_tiny,gradcam++,101,1.0,0.26773473620414734
vit_tiny,gradcam++,102,0.0,0.03137145936489105
vit_tiny,gradcam++,103,0.0,0.14589837193489075
vit_tiny,gradcam++,104,0.0,0.01171810831874609
vit_tiny,gradcam++,105,0.0,0.016338946297764778
vit_tiny,gradcam++,106,1.0,0.2797286808490753
vit_tiny,gradcam++,107,0.0,0.09010995924472809
vit_tiny,gradcam++,108,1.0,0.6834117770195007
vit_tiny,gradcam++,109,1.0,0.749685525894165
vit_tiny,gradcam++,110,0.0,0.3073503375053406
vit_tiny,gradcam++,111,1.0,0.8210045099258423
vit_tiny,gradcam++,112,1.0,0.7632883787155151
vit_tiny,gradcam++,113,1.0,0.5413444638252258
vit_tiny,gradcam++,114,0.0,0.17030829191207886
vit_tiny,gradcam++,115,1.0,0.4937420189380646
vit_tiny,gradcam++,116,0.0,0.23281650245189667
vit_tiny,gradcam++,117,0.0,0.2804587781429291
vit_tiny,gradcam++,118,1.0,0.7085837125778198
vit_tiny,gradcam++,119,0.0,0.6760579943656921
vit_tiny,gradcam++,120,1.0,0.5875709056854248
vit_tiny,gradcam++,121,0.0,0.054574914276599884
vit_tiny,gradcam++,122,0.0,0.08052919805049896
vit_tiny,gradcam++,123,1.0,0.295564740896225
vit_tiny,gradcam++,124,1.0,0.4109848439693451
vit_tiny,gradcam++,125,0.0,0.615336000919342
vit_tiny,gradcam++,126,0.0,0.2441067099571228
vit_tiny,gradcam++,127,0.0,0.6443277597427368
vit_tiny,gradcam++,128,0.0,0.3168090581893921
vit_tiny,gradcam++,129,0.0,0.09609705954790115
vit_tiny,gradcam++,130,0.0,0.4396302103996277
vit_tiny,gradcam++,131,0.0,0.030103346332907677
vit_tiny,gradcam++,132,0.0,0.12634949386119843
vit_tiny,gradcam++,133,0.0,0.041942328214645386
vit_tiny,gradcam++,134,1.0,0.2014317512512207
vit_tiny,gradcam++,135,0.0,0.0680498406291008
vit_tiny,gradcam++,136,0.0,0.054380711168050766
vit_tiny,gradcam++,137,0.0,0.0221579410135746
vit_tiny,gradcam++,138,0.0,0.058987945318222046
vit_tiny,gradcam++,139,0.0,0.11851626634597778
vit_tiny,gradcam++,140,0.0,0.06689541041851044
vit_tiny,gradcam++,141,0.0,0.3812845051288605
vit_tiny,gradcam++,142,0.0,0.09560169279575348
vit_tiny,gradcam++,143,0.0,0.07325703650712967
vit_tiny,gradcam++,144,0.0,0.33499979972839355
vit_tiny,gradcam++,145,0.0,0.2816289961338043
vit_tiny,gradcam++,146,0.0,0.1718355417251587
vit_tiny,gradcam++,147,0.0,0.1695554405450821
vit_tiny,gradcam++,148,0.0,0.07125822454690933
vit_tiny,gradcam++,149,0.0,0.13404668867588043
vit_tiny,eigencam,0,0.0,0.0023202293086797
vit_tiny,eigencam,1,0.0,0.0022206949070096016
vit_tiny,eigencam,2,0.0,0.0025143518578261137
vit_tiny,eigencam,3,0.0,0.016401508823037148
vit_tiny,eigencam,4,0.0,0.02182760275900364
vit_tiny,eigencam,5,0.0,0.025937357917428017
vit_tiny,eigencam,6,0.0,0.03703609108924866
vit_tiny,eigencam,7,0.0,0.013818271458148956
vit_tiny,eigencam,8,0.0,0.011569328606128693
vit_tiny,eigencam,9,0.0,0.594117283821106
vit_tiny,eigencam,10,1.0,0.5688139200210571
vit_tiny,eigencam,11,1.0,0.6053047776222229
vit_tiny,eigencam,12,0.0,0.005067991092801094
vit_tiny,eigencam,13,0.0,0.010133719071745872
vit_tiny,eigencam,14,1.0,0.64540034532547
vit_tiny,eigencam,15,0.0,0.007366769481450319
vit_tiny,eigencam,16,1.0,0.5798599123954773
vit_tiny,eigencam,17,0.0,0.003680131398141384
vit_tiny,eigencam,18,0.0,0.022056108340620995
vit_tiny,eigencam,19,1.0,0.5363410115242004
vit_tiny,eigencam,20,0.0,0.00711814034730196
vit_tiny,eigencam,21,1.0,0.33037418127059937
vit_tiny,eigencam,22,0.0,0.01764638163149357
vit_tiny,eigencam,23,0.0,0.03134341537952423
vit_tiny,eigencam,24,0.0,0.021549247205257416
vit_tiny,eigencam,25,0.0,0.016928203403949738
vit_tiny,eigencam,26,0.0,0.02087441086769104
vit_tiny,eigencam,27,0.0,0.005870850291103125
vit_tiny,eigencam,28,1.0,0.4794304072856903
vit_tiny,eigencam,29,0.0,0.007567616645246744
vit_tiny,eigencam,30,1.0,0.5684809684753418
vit_tiny,eigencam,31,0.0,0.0013792512472718954
vit_tiny,eigencam,32,1.0,0.5382523536682129
vit_tiny,eigencam,33,0.0,0.004638786893337965
vit_tiny,eigencam,34,0.0,0.009037849493324757
vit_tiny,eigencam,35,0.0,0.009413952007889748
vit_tiny,eigencam,36,0.0,0.05469251796603203
vit_tiny,eigencam,37,0.0,0.030456511303782463
vit_tiny,eigencam,38,0.0,0.04701513797044754
vit_tiny,eigencam,39,0.0,0.022418072447180748
vit_tiny,eigencam,40,0.0,0.02587074227631092
vit_tiny,eigencam,41,0.0,0.029792362824082375
vit_tiny,eigencam,42,0.0,0.017971929162740707
vit_tiny,eigencam,43,0.0,0.026691859588027
vit_tiny,eigencam,44,0.0,0.05185882747173309
vit_tiny,eigencam,45,0.0,0.004744485020637512
vit_tiny,eigencam,46,0.0,0.019206374883651733
vit_tiny,eigencam,47,0.0,0.012287463992834091
vit_tiny,eigencam,48,0.0,0.01365335751324892
vit_tiny,eigencam,49,0.0,0.01229378767311573
vit_tiny,eigencam,50,0.0,0.007295758929103613
vit_tiny,eigencam,51,0.0,0.024644821882247925
vit_tiny,eigencam,52,0.0,0.026428719982504845
vit_tiny,eigencam,53,0.0,0.02964784763753414
vit_tiny,eigencam,54,0.0,0.010569265112280846
vit_tiny,eigencam,55,0.0,0.02927597239613533
vit_tiny,eigencam,56,0.0,0.01568460837006569
vit_tiny,eigencam,57,0.0,0.03463120013475418
vit_tiny,eigencam,58,0.0,0.02038784883916378
vit_tiny,eigencam,59,0.0,0.021715793758630753
vit_tiny,eigencam,60,0.0,0.016363292932510376
vit_tiny,eigencam,61,0.0,0.008920536376535892
vit_tiny,eigencam,62,0.0,0.00954506266862154
vit_tiny,eigencam,63,0.0,0.015485824085772038
vit_tiny,eigencam,64,0.0,0.01635068841278553
vit_tiny,eigencam,65,0.0,0.008621694520115852
vit_tiny,eigencam,66,0.0,0.014447394758462906
vit_tiny,eigencam,67,1.0,0.8050506711006165
vit_tiny,eigencam,68,0.0,0.01971561834216118
vit_tiny,eigencam,69,0.0,0.026642922312021255
vit_tiny,eigencam,70,0.0,0.025886014103889465
vit_tiny,eigencam,71,0.0,0.009055759757757187
vit_tiny,eigencam,72,0.0,0.012329360470175743
vit_tiny,eigencam,73,0.0,0.01963229291141033
vit_tiny,eigencam,74,0.0,0.008535278029739857
vit_tiny,eigencam,75,0.0,0.017782706767320633
vit_tiny,eigencam,76,1.0,0.6498645544052124
vit_tiny,eigencam,77,0.0,0.014589115045964718
vit_tiny,eigencam,78,0.0,0.009297940880060196
vit_tiny,eigencam,79,0.0,0.014752895571291447
vit_tiny,eigencam,80,0.0,0.004423618782311678
vit_tiny,eigencam,81,0.0,0.0016889135586097836
vit_tiny,eigencam,82,0.0,0.0033016307279467583
vit_tiny,eigencam,83,0.0,0.0031501485500484705
vit_tiny,eigencam,84,0.0,0.004254498519003391
vit_tiny,eigencam,85,0.0,0.005179072264581919
vit_tiny,eigencam,86,0.0,0.006899706088006496
vit_tiny,eigencam,87,0.0,0.012455800548195839
vit_tiny,eigencam,88,0.0,0.004524920601397753
vit_tiny,eigencam,89,0.0,0.013237142004072666
vit_tiny,eigencam,90,0.0,0.008830086328089237
vit_tiny,eigencam,91,0.0,0.012942366302013397
vit_tiny,eigencam,92,0.0,0.017505288124084473
vit_tiny,eigencam,93,1.0,0.4594954550266266
vit_tiny,eigencam,94,0.0,0.00499615166336298
vit_tiny,eigencam,95,0.0,0.003779397811740637
vit_tiny,eigencam,96,0.0,0.0012024003081023693
vit_tiny,eigencam,97,0.0,0.0015624809311702847
vit_tiny,eigencam,98,0.0,0.0020205231849104166
vit_tiny,eigencam,99,0.0,0.0015659858472645283
vit_tiny,eigencam,100,0.0,0.009329485706984997
vit_tiny,eigencam,101,1.0,0.5130969882011414
vit_tiny,eigencam,102,0.0,0.006719029042869806
vit_tiny,eigencam,103,1.0,0.4440099596977234
vit_tiny,eigencam,104,0.0,0.009309238754212856
vit_tiny,eigencam,105,1.0,0.3782658576965332
vit_tiny,eigencam,106,0.0,0.005116305314004421
vit_tiny,eigencam,107,0.0,0.007063773926347494
vit_tiny,eigencam,108,0.0,0.007144174538552761
vit_tiny,eigencam,109,0.0,0.011551707051694393
vit_tiny,eigencam,110,0.0,0.03561423346400261
vit_tiny,eigencam,111,0.0,0.012536248192191124
vit_tiny,eigencam,112,0.0,0.025645794346928596
vit_tiny,eigencam,113,0.0,0.028358129784464836
vit_tiny,eigencam,114,0.0,0.04276639223098755
vit_tiny,eigencam,115,0.0,0.029356395825743675
vit_tiny,eigencam,116,0.0,0.042774807661771774
vit_tiny,eigencam,117,0.0,0.04762239009141922
vit_tiny,eigencam,118,0.0,0.04685025289654732
vit_tiny,eigencam,119,0.0,0.016633164137601852
vit_tiny,eigencam,120,0.0,0.00579226016998291
vit_tiny,eigencam,121,0.0,0.0014099535765126348
vit_tiny,eigencam,122,0.0,0.011266318149864674
vit_tiny,eigencam,123,0.0,0.017594026401638985
vit_tiny,eigencam,124,0.0,0.04474708065390587
vit_tiny,eigencam,125,0.0,0.04091900587081909
vit_tiny,eigencam,126,0.0,0.025554843246936798
vit_tiny,eigencam,127,0.0,0.012943781912326813
vit_tiny,eigencam,128,0.0,0.02036510594189167
vit_tiny,eigencam,129,0.0,0.02183000184595585
vit_tiny,eigencam,130,0.0,0.014647460542619228
vit_tiny,eigencam,131,0.0,0.005831172224134207
vit_tiny,eigencam,132,0.0,0.007233876734972
vit_tiny,eigencam,133,0.0,0.015074243769049644
vit_tiny,eigencam,134,0.0,0.018111225217580795
vit_tiny,eigencam,135,0.0,0.0024830407928675413
vit_tiny,eigencam,136,0.0,0.004935008008033037
vit_tiny,eigencam,137,0.0,0.0022912302520126104
vit_tiny,eigencam,138,0.0,0.010524950921535492
vit_tiny,eigencam,139,0.0,0.007930737920105457
vit_tiny,eigencam,140,0.0,0.01093960925936699
vit_tiny,eigencam,141,1.0,0.5595035552978516
vit_tiny,eigencam,142,0.0,0.008804270066320896
vit_tiny,eigencam,143,1.0,0.45114803314208984
vit_tiny,eigencam,144,0.0,0.0044375229626894
vit_tiny,eigencam,145,0.0,0.007792324293404818
vit_tiny,eigencam,146,0.0,0.008469215594232082
vit_tiny,eigencam,147,0.0,0.009687472134828568
vit_tiny,eigencam,148,0.0,0.006376105826348066
vit_tiny,eigencam,149,0.0,0.010343902744352818
vit_tiny,scorecam,0,0.0,0.5043271780014038
vit_tiny,scorecam,1,1.0,0.6559765338897705
vit_tiny,scorecam,2,1.0,0.5751074552536011
vit_tiny,scorecam,3,0.0,0.3713088929653168
vit_tiny,scorecam,4,0.0,0.07827966660261154
vit_tiny,scorecam,5,0.0,0.2964341938495636
vit_tiny,scorecam,6,0.0,0.38363686203956604
vit_tiny,scorecam,7,1.0,0.5433210730552673
vit_tiny,scorecam,8,0.0,0.018368342891335487
vit_tiny,scorecam,9,0.0,0.5529748797416687
vit_tiny,scorecam,10,0.0,0.2680485248565674
vit_tiny,scorecam,11,0.0,0.2888801693916321
vit_tiny,scorecam,12,1.0,0.7249525189399719
vit_tiny,scorecam,13,1.0,0.7079958915710449
vit_tiny,scorecam,14,1.0,0.50715172290802
vit_tiny,scorecam,15,1.0,0.6200081706047058
vit_tiny,scorecam,16,1.0,0.6734236478805542
vit_tiny,scorecam,17,1.0,0.6268408894538879
vit_tiny,scorecam,18,1.0,0.6382143497467041
vit_tiny,scorecam,19,1.0,0.5606558918952942
vit_tiny,scorecam,20,1.0,0.658098042011261
vit_tiny,scorecam,21,1.0,0.5917888879776001
vit_tiny,scorecam,22,1.0,0.6307392120361328
vit_tiny,scorecam,23,1.0,0.7902087569236755
vit_tiny,scorecam,24,1.0,0.6730632185935974
vit_tiny,scorecam,25,1.0,0.7713804244995117
vit_tiny,scorecam,26,1.0,0.7777159810066223
vit_tiny,scorecam,27,1.0,0.7241426110267639
vit_tiny,scorecam,28,0.0,0.004011782817542553
vit_tiny,scorecam,29,0.0,0.0456843376159668
vit_tiny,scorecam,30,0.0,0.07523737847805023
vit_tiny,scorecam,31,0.0,0.011359228752553463
vit_tiny,scorecam,32,1.0,0.2788652777671814
vit_tiny,scorecam,33,1.0,0.639738142490387
vit_tiny,scorecam,34,0.0,0.39644670486450195
vit_tiny,scorecam,35,1.0,0.5384081602096558
vit_tiny,scorecam,36,1.0,0.5759401917457581
vit_tiny,scorecam,37,0.0,0.12396502494812012
vit_tiny,scorecam,38,1.0,0.46561306715011597
vit_tiny,scorecam,39,0.0,0.08209102600812912
vit_tiny,scorecam,40,1.0,0.6828307509422302
vit_tiny,scorecam,41,0.0,0.2317831665277481
vit_tiny,scorecam,42,1.0,0.7456020712852478
vit_tiny,scorecam,43,0.0,0.19400085508823395
vit_tiny,scorecam,44,1.0,0.7201453447341919
vit_tiny,scorecam,45,1.0,0.7361193895339966
vit_tiny,scorecam,46,1.0,0.7707565426826477
vit_tiny,scorecam,47,1.0,0.7601860165596008
vit_tiny,scorecam,48,0.0,0.3610512912273407
vit_tiny,scorecam,49,1.0,0.6973932385444641
