item_id,localization_plausibility_1to5,verification_usefulness_1to5,misleading_yes_no,comments
ITEM_000,,,,
ITEM_001,,,,
ITEM_002,,,,
ITEM_003,,,,
ITEM_004,,,,
ITEM_005,,,,
ITEM_006,,,,
ITEM_007,,,,
ITEM_008,,,,
ITEM_009,,,,
ITEM_010,,,,
ITEM_011,,,,
ITEM_012,,,,
ITEM_013,,,,
ITEM_014,,,,
ITEM_015,,,,
ITEM_016,,,,
ITEM_017,,,,
ITEM_018,,,,
ITEM_019,,,,
ITEM_020,,,,
ITEM_021,,,,
ITEM_022,,,,
ITEM_023,,,,
ITEM_024,,,,
ITEM_025,,,,
ITEM_026,,,,
ITEM_027,,,,
ITEM_028,,,,
ITEM_029,,,,
ITEM_030,,,,
ITEM_031,,,,
ITEM_032,,,,
ITEM_033,,,,
ITEM_034,,,,
ITEM_035,,,,
ITEM_036,,,,
ITEM_037,,,,
ITEM_038,,,,
ITEM_039,,,,
ITEM_040,,,,
ITEM_041,,,,
ITEM_042,,,,
ITEM_043,,,,
ITEM_044,,,,
ITEM_045,,,,
ITEM_046,,,,
ITEM_047,,,,
ITEM_048,,,,
ITEM_049,,,,
ITEM_050,,,,
ITEM_051,,,,
ITEM_052,,,,
ITEM_053,,,,
ITEM_054,,,,
ITEM_055,,,,
ITEM_056,,,,
ITEM_057,,,,
ITEM_058,,,,
ITEM_059,,,,
ITEM_060,,,,
ITEM_061,,,,
ITEM_062,,,,
ITEM_063,,,,
ITEM_064,,,,
ITEM_065,,,,
ITEM_066,,,,
ITEM_067,,,,
ITEM_068,,,,
ITEM_069,,,,
ITEM_070,,,,
ITEM_071,,,,
ITEM_072,,,,
ITEM_073,,,,
ITEM_074,,,,
ITEM_075,,,,
ITEM_076,,,,
ITEM_077,,,,
ITEM_078,,,,
ITEM_079,,,,
ITEM_080,,,,
ITEM_081,,,,
ITEM_082,,,,
ITEM_083,,,,
ITEM_084,,,,
ITEM_085,,,,
ITEM_086,,,,
ITEM_087,,,,
ITEM_088,,,,
ITEM_089,,,,
ITEM_090,,,,
ITEM_091,,,,
ITEM_092,,,,
ITEM_093,,,,
ITEM_094,,,,
ITEM_095,,,,
ITEM_096,,,,
ITEM_097,,,,
ITEM_098,,,,
ITEM_099,,,,
ITEM_100,,,,
ITEM_101,,,,
ITEM_102,,,,
ITEM_103,,,,
ITEM_104,,,,
ITEM_105,,,,
ITEM_106,,,,
ITEM_107,,,,
ITEM_108,,,,
ITEM_109,,,,
